Year,Athlete,Place_no,Time
1979.0,Anne Haug,0.0,N/A
1979.0,Sarah Crowley,0.0,N/A
1979.0,Lucy Charles,0.0,N/A
1979.0,Heather Jackson,0.0,N/A
1979.0,Daniela Ryf,0.0,N/A
1979.0,Rachel Joyce,0.0,N/A
1979.0,Liz Blatchford,0.0,N/A
1979.0,Leanda Cave,0.0,N/A
1979.0,Caroline Steffen,0.0,N/A
1979.0,Julie Dibens,0.0,N/A
1979.0,Virginia Berasategui,0.0,N/A
1979.0,Mirinda Carfrae,0.0,N/A
1979.0,Yvonne van Vlerken,0.0,N/A
1979.0,Sandra Wallenhorst,0.0,N/A
1979.0,Chrissie Wellington,0.0,N/A
1979.0,Samantha McGlone,0.0,N/A
1979.0,Lisa Bentley,0.0,N/A
1979.0,Desiree Ficker,0.0,N/A
1979.0,Michellie Jones,0.0,N/A
1979.0,Kate Major,0.0,N/A
1979.0,Nina Kraft,0.0,N/A
1979.0,Heather Fuhr,0.0,N/A
1979.0,Lori Bowden,0.0,N/A
1979.0,Natascha Badmann,0.0,N/A
1979.0,Isabelle Mouthon,0.0,N/A
1979.0,Fernanda Keller,0.0,N/A
1979.0,Karen Smyers,0.0,N/A
1979.0,Susan Latshaw,0.0,N/A
1979.0,Julie Anne White,0.0,N/A
1979.0,Thea Sybesma,0.0,N/A
1979.0,Sarah Coope,0.0,N/A
1979.0,Terri Schneider,0.0,N/A
1979.0,Kirsten Hanssen,0.0,N/A
1979.0,Erin Baker,0.0,N/A
1979.0,Joanne Ernst,0.0,N/A
1979.0,Paula Newby-Fraser,0.0,N/A
1979.0,Elizabeth Bulman,0.0,N/A
1979.0,Julie Olson,0.0,N/A
1979.0,Patricia Puntous,0.0,N/A
1979.0,Sylviane Puntous,0.0,N/A
1979.0,Eva Ueltzen,0.0,N/A
1979.0,Julie Leach,0.0,N/A
1979.0,Jo Ann Dahlkoetter,0.0,N/A
1979.0,Julie Moss,0.0,N/A
1979.0,Kathleen McCartney,0.0,N/A
1979.0,Sally Edwards,0.0,N/A
1979.0,Lyn Brooks,0.0,N/A
1979.0,Linda Sweeney,0.0,N/A
1979.0,Eve Anderson,0.0,N/A
1979.0,Robin Beck,0.0,N/A
1979.0,Lyn Lemaire,1.0,12:55:38
1980.0,Anne Haug,0.0,N/A
1980.0,Sarah Crowley,0.0,N/A
1980.0,Lucy Charles,0.0,N/A
1980.0,Heather Jackson,0.0,N/A
1980.0,Daniela Ryf,0.0,N/A
1980.0,Rachel Joyce,0.0,N/A
1980.0,Liz Blatchford,0.0,N/A
1980.0,Leanda Cave,0.0,N/A
1980.0,Caroline Steffen,0.0,N/A
1980.0,Julie Dibens,0.0,N/A
1980.0,Virginia Berasategui,0.0,N/A
1980.0,Mirinda Carfrae,0.0,N/A
1980.0,Yvonne van Vlerken,0.0,N/A
1980.0,Sandra Wallenhorst,0.0,N/A
1980.0,Chrissie Wellington,0.0,N/A
1980.0,Samantha McGlone,0.0,N/A
1980.0,Lisa Bentley,0.0,N/A
1980.0,Desiree Ficker,0.0,N/A
1980.0,Michellie Jones,0.0,N/A
1980.0,Kate Major,0.0,N/A
1980.0,Nina Kraft,0.0,N/A
1980.0,Heather Fuhr,0.0,N/A
1980.0,Lori Bowden,0.0,N/A
1980.0,Natascha Badmann,0.0,N/A
1980.0,Isabelle Mouthon,0.0,N/A
1980.0,Fernanda Keller,0.0,N/A
1980.0,Karen Smyers,0.0,N/A
1980.0,Susan Latshaw,0.0,N/A
1980.0,Julie Anne White,0.0,N/A
1980.0,Thea Sybesma,0.0,N/A
1980.0,Sarah Coope,0.0,N/A
1980.0,Terri Schneider,0.0,N/A
1980.0,Kirsten Hanssen,0.0,N/A
1980.0,Erin Baker,0.0,N/A
1980.0,Joanne Ernst,0.0,N/A
1980.0,Paula Newby-Fraser,0.0,N/A
1980.0,Elizabeth Bulman,0.0,N/A
1980.0,Julie Olson,0.0,N/A
1980.0,Patricia Puntous,0.0,N/A
1980.0,Sylviane Puntous,0.0,N/A
1980.0,Eva Ueltzen,0.0,N/A
1980.0,Julie Leach,0.0,N/A
1980.0,Jo Ann Dahlkoetter,0.0,N/A
1980.0,Julie Moss,0.0,N/A
1980.0,Kathleen McCartney,0.0,N/A
1980.0,Sally Edwards,0.0,N/A
1980.0,Lyn Brooks,0.0,N/A
1980.0,Linda Sweeney,0.0,N/A
1980.0,Eve Anderson,2.0,15:40:59
1980.0,Robin Beck,1.0,11:21:24
1980.0,Lyn Lemaire,0.0,N/A
1981.0,Anne Haug,0.0,N/A
1981.0,Sarah Crowley,0.0,N/A
1981.0,Lucy Charles,0.0,N/A
1981.0,Heather Jackson,0.0,N/A
1981.0,Daniela Ryf,0.0,N/A
1981.0,Rachel Joyce,0.0,N/A
1981.0,Liz Blatchford,0.0,N/A
1981.0,Leanda Cave,0.0,N/A
1981.0,Caroline Steffen,0.0,N/A
1981.0,Julie Dibens,0.0,N/A
1981.0,Virginia Berasategui,0.0,N/A
1981.0,Mirinda Carfrae,0.0,N/A
1981.0,Yvonne van Vlerken,0.0,N/A
1981.0,Sandra Wallenhorst,0.0,N/A
1981.0,Chrissie Wellington,0.0,N/A
1981.0,Samantha McGlone,0.0,N/A
1981.0,Lisa Bentley,0.0,N/A
1981.0,Desiree Ficker,0.0,N/A
1981.0,Michellie Jones,0.0,N/A
1981.0,Kate Major,0.0,N/A
1981.0,Nina Kraft,0.0,N/A
1981.0,Heather Fuhr,0.0,N/A
1981.0,Lori Bowden,0.0,N/A
1981.0,Natascha Badmann,0.0,N/A
1981.0,Isabelle Mouthon,0.0,N/A
1981.0,Fernanda Keller,0.0,N/A
1981.0,Karen Smyers,0.0,N/A
1981.0,Susan Latshaw,0.0,N/A
1981.0,Julie Anne White,0.0,N/A
1981.0,Thea Sybesma,0.0,N/A
1981.0,Sarah Coope,0.0,N/A
1981.0,Terri Schneider,0.0,N/A
1981.0,Kirsten Hanssen,0.0,N/A
1981.0,Erin Baker,0.0,N/A
1981.0,Joanne Ernst,0.0,N/A
1981.0,Paula Newby-Fraser,0.0,N/A
1981.0,Elizabeth Bulman,0.0,N/A
1981.0,Julie Olson,0.0,N/A
1981.0,Patricia Puntous,0.0,N/A
1981.0,Sylviane Puntous,0.0,N/A
1981.0,Eva Ueltzen,0.0,N/A
1981.0,Julie Leach,0.0,N/A
1981.0,Jo Ann Dahlkoetter,0.0,N/A
1981.0,Julie Moss,0.0,N/A
1981.0,Kathleen McCartney,0.0,N/A
1981.0,Sally Edwards,2.0,12:37:25
1981.0,Lyn Brooks,3.0,12:42:15
1981.0,Linda Sweeney,1.0,12:02:32
1981.0,Eve Anderson,0.0,N/A
1981.0,Robin Beck,0.0,N/A
1981.0,Lyn Lemaire,0.0,N/A
1982.0,Anne Haug,0.0,N/A
1982.0,Sarah Crowley,0.0,N/A
1982.0,Lucy Charles,0.0,N/A
1982.0,Heather Jackson,0.0,N/A
1982.0,Daniela Ryf,0.0,N/A
1982.0,Rachel Joyce,0.0,N/A
1982.0,Liz Blatchford,0.0,N/A
1982.0,Leanda Cave,0.0,N/A
1982.0,Caroline Steffen,0.0,N/A
1982.0,Julie Dibens,0.0,N/A
1982.0,Virginia Berasategui,0.0,N/A
1982.0,Mirinda Carfrae,0.0,N/A
1982.0,Yvonne van Vlerken,0.0,N/A
1982.0,Sandra Wallenhorst,0.0,N/A
1982.0,Chrissie Wellington,0.0,N/A
1982.0,Samantha McGlone,0.0,N/A
1982.0,Lisa Bentley,0.0,N/A
1982.0,Desiree Ficker,0.0,N/A
1982.0,Michellie Jones,0.0,N/A
1982.0,Kate Major,0.0,N/A
1982.0,Nina Kraft,0.0,N/A
1982.0,Heather Fuhr,0.0,N/A
1982.0,Lori Bowden,0.0,N/A
1982.0,Natascha Badmann,0.0,N/A
1982.0,Isabelle Mouthon,0.0,N/A
1982.0,Fernanda Keller,0.0,N/A
1982.0,Karen Smyers,0.0,N/A
1982.0,Susan Latshaw,0.0,N/A
1982.0,Julie Anne White,0.0,N/A
1982.0,Thea Sybesma,0.0,N/A
1982.0,Sarah Coope,0.0,N/A
1982.0,Terri Schneider,0.0,N/A
1982.0,Kirsten Hanssen,0.0,N/A
1982.0,Erin Baker,0.0,N/A
1982.0,Joanne Ernst,0.0,N/A
1982.0,Paula Newby-Fraser,0.0,N/A
1982.0,Elizabeth Bulman,0.0,N/A
1982.0,Julie Olson,0.0,N/A
1982.0,Patricia Puntous,0.0,N/A
1982.0,Sylviane Puntous,0.0,N/A
1982.0,Eva Ueltzen,0.0,N/A
1982.0,Julie Leach,0.0,N/A
1982.0,Jo Ann Dahlkoetter,0.0,N/A
1982.0,Julie Moss,2.0,11:10:09
1982.0,Kathleen McCartney,1.0,11:09:40
1982.0,Sally Edwards,0.0,N/A
1982.0,Lyn Brooks,3.0,11:51:00
1982.0,Linda Sweeney,0.0,N/A
1982.0,Eve Anderson,0.0,N/A
1982.0,Robin Beck,0.0,N/A
1982.0,Lyn Lemaire,0.0,N/A
1982.5,Anne Haug,0.0,N/A
1982.5,Sarah Crowley,0.0,N/A
1982.5,Lucy Charles,0.0,N/A
1982.5,Heather Jackson,0.0,N/A
1982.5,Daniela Ryf,0.0,N/A
1982.5,Rachel Joyce,0.0,N/A
1982.5,Liz Blatchford,0.0,N/A
1982.5,Leanda Cave,0.0,N/A
1982.5,Caroline Steffen,0.0,N/A
1982.5,Julie Dibens,0.0,N/A
1982.5,Virginia Berasategui,0.0,N/A
1982.5,Mirinda Carfrae,0.0,N/A
1982.5,Yvonne van Vlerken,0.0,N/A
1982.5,Sandra Wallenhorst,0.0,N/A
1982.5,Chrissie Wellington,0.0,N/A
1982.5,Samantha McGlone,0.0,N/A
1982.5,Lisa Bentley,0.0,N/A
1982.5,Desiree Ficker,0.0,N/A
1982.5,Michellie Jones,0.0,N/A
1982.5,Kate Major,0.0,N/A
1982.5,Nina Kraft,0.0,N/A
1982.5,Heather Fuhr,0.0,N/A
1982.5,Lori Bowden,0.0,N/A
1982.5,Natascha Badmann,0.0,N/A
1982.5,Isabelle Mouthon,0.0,N/A
1982.5,Fernanda Keller,0.0,N/A
1982.5,Karen Smyers,0.0,N/A
1982.5,Susan Latshaw,0.0,N/A
1982.5,Julie Anne White,0.0,N/A
1982.5,Thea Sybesma,0.0,N/A
1982.5,Sarah Coope,0.0,N/A
1982.5,Terri Schneider,0.0,N/A
1982.5,Kirsten Hanssen,0.0,N/A
1982.5,Erin Baker,0.0,N/A
1982.5,Joanne Ernst,0.0,N/A
1982.5,Paula Newby-Fraser,0.0,N/A
1982.5,Elizabeth Bulman,0.0,N/A
1982.5,Julie Olson,0.0,N/A
1982.5,Patricia Puntous,0.0,N/A
1982.5,Sylviane Puntous,0.0,N/A
1982.5,Eva Ueltzen,0.0,N/A
1982.5,Julie Leach,1.0,10:54:08
1982.5,Jo Ann Dahlkoetter,2.0,10:58:21
1982.5,Julie Moss,0.0,N/A
1982.5,Kathleen McCartney,0.0,N/A
1982.5,Sally Edwards,3.0,11:03:00
1982.5,Lyn Brooks,0.0,N/A
1982.5,Linda Sweeney,0.0,N/A
1982.5,Eve Anderson,0.0,N/A
1982.5,Robin Beck,0.0,N/A
1982.5,Lyn Lemaire,0.0,N/A
1983.0,Anne Haug,0.0,N/A
1983.0,Sarah Crowley,0.0,N/A
1983.0,Lucy Charles,0.0,N/A
1983.0,Heather Jackson,0.0,N/A
1983.0,Daniela Ryf,0.0,N/A
1983.0,Rachel Joyce,0.0,N/A
1983.0,Liz Blatchford,0.0,N/A
1983.0,Leanda Cave,0.0,N/A
1983.0,Caroline Steffen,0.0,N/A
1983.0,Julie Dibens,0.0,N/A
1983.0,Virginia Berasategui,0.0,N/A
1983.0,Mirinda Carfrae,0.0,N/A
1983.0,Yvonne van Vlerken,0.0,N/A
1983.0,Sandra Wallenhorst,0.0,N/A
1983.0,Chrissie Wellington,0.0,N/A
1983.0,Samantha McGlone,0.0,N/A
1983.0,Lisa Bentley,0.0,N/A
1983.0,Desiree Ficker,0.0,N/A
1983.0,Michellie Jones,0.0,N/A
1983.0,Kate Major,0.0,N/A
1983.0,Nina Kraft,0.0,N/A
1983.0,Heather Fuhr,0.0,N/A
1983.0,Lori Bowden,0.0,N/A
1983.0,Natascha Badmann,0.0,N/A
1983.0,Isabelle Mouthon,0.0,N/A
1983.0,Fernanda Keller,0.0,N/A
1983.0,Karen Smyers,0.0,N/A
1983.0,Susan Latshaw,0.0,N/A
1983.0,Julie Anne White,0.0,N/A
1983.0,Thea Sybesma,0.0,N/A
1983.0,Sarah Coope,0.0,N/A
1983.0,Terri Schneider,0.0,N/A
1983.0,Kirsten Hanssen,0.0,N/A
1983.0,Erin Baker,0.0,N/A
1983.0,Joanne Ernst,0.0,N/A
1983.0,Paula Newby-Fraser,0.0,N/A
1983.0,Elizabeth Bulman,0.0,N/A
1983.0,Julie Olson,0.0,N/A
1983.0,Patricia Puntous,2.0,10:49:17
1983.0,Sylviane Puntous,1.0,10:43:36
1983.0,Eva Ueltzen,3.0,11:01:49
1983.0,Julie Leach,0.0,N/A
1983.0,Jo Ann Dahlkoetter,0.0,N/A
1983.0,Julie Moss,0.0,N/A
1983.0,Kathleen McCartney,0.0,N/A
1983.0,Sally Edwards,0.0,N/A
1983.0,Lyn Brooks,0.0,N/A
1983.0,Linda Sweeney,0.0,N/A
1983.0,Eve Anderson,0.0,N/A
1983.0,Robin Beck,0.0,N/A
1983.0,Lyn Lemaire,0.0,N/A
1984.0,Anne Haug,0.0,N/A
1984.0,Sarah Crowley,0.0,N/A
1984.0,Lucy Charles,0.0,N/A
1984.0,Heather Jackson,0.0,N/A
1984.0,Daniela Ryf,0.0,N/A
1984.0,Rachel Joyce,0.0,N/A
1984.0,Liz Blatchford,0.0,N/A
1984.0,Leanda Cave,0.0,N/A
1984.0,Caroline Steffen,0.0,N/A
1984.0,Julie Dibens,0.0,N/A
1984.0,Virginia Berasategui,0.0,N/A
1984.0,Mirinda Carfrae,0.0,N/A
1984.0,Yvonne van Vlerken,0.0,N/A
1984.0,Sandra Wallenhorst,0.0,N/A
1984.0,Chrissie Wellington,0.0,N/A
1984.0,Samantha McGlone,0.0,N/A
1984.0,Lisa Bentley,0.0,N/A
1984.0,Desiree Ficker,0.0,N/A
1984.0,Michellie Jones,0.0,N/A
1984.0,Kate Major,0.0,N/A
1984.0,Nina Kraft,0.0,N/A
1984.0,Heather Fuhr,0.0,N/A
1984.0,Lori Bowden,0.0,N/A
1984.0,Natascha Badmann,0.0,N/A
1984.0,Isabelle Mouthon,0.0,N/A
1984.0,Fernanda Keller,0.0,N/A
1984.0,Karen Smyers,0.0,N/A
1984.0,Susan Latshaw,0.0,N/A
1984.0,Julie Anne White,0.0,N/A
1984.0,Thea Sybesma,0.0,N/A
1984.0,Sarah Coope,0.0,N/A
1984.0,Terri Schneider,0.0,N/A
1984.0,Kirsten Hanssen,0.0,N/A
1984.0,Erin Baker,0.0,N/A
1984.0,Joanne Ernst,0.0,N/A
1984.0,Paula Newby-Fraser,0.0,N/A
1984.0,Elizabeth Bulman,0.0,N/A
1984.0,Julie Olson,3.0,10:38:10
1984.0,Patricia Puntous,2.0,10:27:28
1984.0,Sylviane Puntous,1.0,10:25:13
1984.0,Eva Ueltzen,0.0,N/A
1984.0,Julie Leach,0.0,N/A
1984.0,Jo Ann Dahlkoetter,0.0,N/A
1984.0,Julie Moss,0.0,N/A
1984.0,Kathleen McCartney,0.0,N/A
1984.0,Sally Edwards,0.0,N/A
1984.0,Lyn Brooks,0.0,N/A
1984.0,Linda Sweeney,0.0,N/A
1984.0,Eve Anderson,0.0,N/A
1984.0,Robin Beck,0.0,N/A
1984.0,Lyn Lemaire,0.0,N/A
1985.0,Anne Haug,0.0,N/A
1985.0,Sarah Crowley,0.0,N/A
1985.0,Lucy Charles,0.0,N/A
1985.0,Heather Jackson,0.0,N/A
1985.0,Daniela Ryf,0.0,N/A
1985.0,Rachel Joyce,0.0,N/A
1985.0,Liz Blatchford,0.0,N/A
1985.0,Leanda Cave,0.0,N/A
1985.0,Caroline Steffen,0.0,N/A
1985.0,Julie Dibens,0.0,N/A
1985.0,Virginia Berasategui,0.0,N/A
1985.0,Mirinda Carfrae,0.0,N/A
1985.0,Yvonne van Vlerken,0.0,N/A
1985.0,Sandra Wallenhorst,0.0,N/A
1985.0,Chrissie Wellington,0.0,N/A
1985.0,Samantha McGlone,0.0,N/A
1985.0,Lisa Bentley,0.0,N/A
1985.0,Desiree Ficker,0.0,N/A
1985.0,Michellie Jones,0.0,N/A
1985.0,Kate Major,0.0,N/A
1985.0,Nina Kraft,0.0,N/A
1985.0,Heather Fuhr,0.0,N/A
1985.0,Lori Bowden,0.0,N/A
1985.0,Natascha Badmann,0.0,N/A
1985.0,Isabelle Mouthon,0.0,N/A
1985.0,Fernanda Keller,0.0,N/A
1985.0,Karen Smyers,0.0,N/A
1985.0,Susan Latshaw,0.0,N/A
1985.0,Julie Anne White,0.0,N/A
1985.0,Thea Sybesma,0.0,N/A
1985.0,Sarah Coope,0.0,N/A
1985.0,Terri Schneider,0.0,N/A
1985.0,Kirsten Hanssen,0.0,N/A
1985.0,Erin Baker,0.0,N/A
1985.0,Joanne Ernst,1.0,10:25:22
1985.0,Paula Newby-Fraser,3.0,10:31:04
1985.0,Elizabeth Bulman,2.0,10:26:55
1985.0,Julie Olson,0.0,N/A
1985.0,Patricia Puntous,0.0,N/A
1985.0,Sylviane Puntous,0.0,N/A
1985.0,Eva Ueltzen,0.0,N/A
1985.0,Julie Leach,0.0,N/A
1985.0,Jo Ann Dahlkoetter,0.0,N/A
1985.0,Julie Moss,0.0,N/A
1985.0,Kathleen McCartney,0.0,N/A
1985.0,Sally Edwards,0.0,N/A
1985.0,Lyn Brooks,0.0,N/A
1985.0,Linda Sweeney,0.0,N/A
1985.0,Eve Anderson,0.0,N/A
1985.0,Robin Beck,0.0,N/A
1985.0,Lyn Lemaire,0.0,N/A
1986.0,Anne Haug,0.0,N/A
1986.0,Sarah Crowley,0.0,N/A
1986.0,Lucy Charles,0.0,N/A
1986.0,Heather Jackson,0.0,N/A
1986.0,Daniela Ryf,0.0,N/A
1986.0,Rachel Joyce,0.0,N/A
1986.0,Liz Blatchford,0.0,N/A
1986.0,Leanda Cave,0.0,N/A
1986.0,Caroline Steffen,0.0,N/A
1986.0,Julie Dibens,0.0,N/A
1986.0,Virginia Berasategui,0.0,N/A
1986.0,Mirinda Carfrae,0.0,N/A
1986.0,Yvonne van Vlerken,0.0,N/A
1986.0,Sandra Wallenhorst,0.0,N/A
1986.0,Chrissie Wellington,0.0,N/A
1986.0,Samantha McGlone,0.0,N/A
1986.0,Lisa Bentley,0.0,N/A
1986.0,Desiree Ficker,0.0,N/A
1986.0,Michellie Jones,0.0,N/A
1986.0,Kate Major,0.0,N/A
1986.0,Nina Kraft,0.0,N/A
1986.0,Heather Fuhr,0.0,N/A
1986.0,Lori Bowden,0.0,N/A
1986.0,Natascha Badmann,0.0,N/A
1986.0,Isabelle Mouthon,0.0,N/A
1986.0,Fernanda Keller,0.0,N/A
1986.0,Karen Smyers,0.0,N/A
1986.0,Susan Latshaw,0.0,N/A
1986.0,Julie Anne White,0.0,N/A
1986.0,Thea Sybesma,0.0,N/A
1986.0,Sarah Coope,0.0,N/A
1986.0,Terri Schneider,0.0,N/A
1986.0,Kirsten Hanssen,0.0,N/A
1986.0,Erin Baker,0.0,N/A
1986.0,Joanne Ernst,3.0,10:00:07
1986.0,Paula Newby-Fraser,1.0,09:49:14
1986.0,Elizabeth Bulman,0.0,N/A
1986.0,Julie Olson,0.0,N/A
1986.0,Patricia Puntous,0.0,N/A
1986.0,Sylviane Puntous,2.0,09:53:13
1986.0,Eva Ueltzen,0.0,N/A
1986.0,Julie Leach,0.0,N/A
1986.0,Jo Ann Dahlkoetter,0.0,N/A
1986.0,Julie Moss,0.0,N/A
1986.0,Kathleen McCartney,0.0,N/A
1986.0,Sally Edwards,0.0,N/A
1986.0,Lyn Brooks,0.0,N/A
1986.0,Linda Sweeney,0.0,N/A
1986.0,Eve Anderson,0.0,N/A
1986.0,Robin Beck,0.0,N/A
1986.0,Lyn Lemaire,0.0,N/A
1987.0,Anne Haug,0.0,N/A
1987.0,Sarah Crowley,0.0,N/A
1987.0,Lucy Charles,0.0,N/A
1987.0,Heather Jackson,0.0,N/A
1987.0,Daniela Ryf,0.0,N/A
1987.0,Rachel Joyce,0.0,N/A
1987.0,Liz Blatchford,0.0,N/A
1987.0,Leanda Cave,0.0,N/A
1987.0,Caroline Steffen,0.0,N/A
1987.0,Julie Dibens,0.0,N/A
1987.0,Virginia Berasategui,0.0,N/A
1987.0,Mirinda Carfrae,0.0,N/A
1987.0,Yvonne van Vlerken,0.0,N/A
1987.0,Sandra Wallenhorst,0.0,N/A
1987.0,Chrissie Wellington,0.0,N/A
1987.0,Samantha McGlone,0.0,N/A
1987.0,Lisa Bentley,0.0,N/A
1987.0,Desiree Ficker,0.0,N/A
1987.0,Michellie Jones,0.0,N/A
1987.0,Kate Major,0.0,N/A
1987.0,Nina Kraft,0.0,N/A
1987.0,Heather Fuhr,0.0,N/A
1987.0,Lori Bowden,0.0,N/A
1987.0,Natascha Badmann,0.0,N/A
1987.0,Isabelle Mouthon,0.0,N/A
1987.0,Fernanda Keller,0.0,N/A
1987.0,Karen Smyers,0.0,N/A
1987.0,Susan Latshaw,0.0,N/A
1987.0,Julie Anne White,0.0,N/A
1987.0,Thea Sybesma,0.0,N/A
1987.0,Sarah Coope,0.0,N/A
1987.0,Terri Schneider,0.0,N/A
1987.0,Kirsten Hanssen,0.0,N/A
1987.0,Erin Baker,1.0,09:35:25
1987.0,Joanne Ernst,0.0,N/A
1987.0,Paula Newby-Fraser,3.0,09:40:37
1987.0,Elizabeth Bulman,0.0,N/A
1987.0,Julie Olson,0.0,N/A
1987.0,Patricia Puntous,0.0,N/A
1987.0,Sylviane Puntous,2.0,09:36:57
1987.0,Eva Ueltzen,0.0,N/A
1987.0,Julie Leach,0.0,N/A
1987.0,Jo Ann Dahlkoetter,0.0,N/A
1987.0,Julie Moss,0.0,N/A
1987.0,Kathleen McCartney,0.0,N/A
1987.0,Sally Edwards,0.0,N/A
1987.0,Lyn Brooks,0.0,N/A
1987.0,Linda Sweeney,0.0,N/A
1987.0,Eve Anderson,0.0,N/A
1987.0,Robin Beck,0.0,N/A
1987.0,Lyn Lemaire,0.0,N/A
1988.0,Anne Haug,0.0,N/A
1988.0,Sarah Crowley,0.0,N/A
1988.0,Lucy Charles,0.0,N/A
1988.0,Heather Jackson,0.0,N/A
1988.0,Daniela Ryf,0.0,N/A
1988.0,Rachel Joyce,0.0,N/A
1988.0,Liz Blatchford,0.0,N/A
1988.0,Leanda Cave,0.0,N/A
1988.0,Caroline Steffen,0.0,N/A
1988.0,Julie Dibens,0.0,N/A
1988.0,Virginia Berasategui,0.0,N/A
1988.0,Mirinda Carfrae,0.0,N/A
1988.0,Yvonne van Vlerken,0.0,N/A
1988.0,Sandra Wallenhorst,0.0,N/A
1988.0,Chrissie Wellington,0.0,N/A
1988.0,Samantha McGlone,0.0,N/A
1988.0,Lisa Bentley,0.0,N/A
1988.0,Desiree Ficker,0.0,N/A
1988.0,Michellie Jones,0.0,N/A
1988.0,Kate Major,0.0,N/A
1988.0,Nina Kraft,0.0,N/A
1988.0,Heather Fuhr,0.0,N/A
1988.0,Lori Bowden,0.0,N/A
1988.0,Natascha Badmann,0.0,N/A
1988.0,Isabelle Mouthon,0.0,N/A
1988.0,Fernanda Keller,0.0,N/A
1988.0,Karen Smyers,0.0,N/A
1988.0,Susan Latshaw,0.0,N/A
1988.0,Julie Anne White,0.0,N/A
1988.0,Thea Sybesma,0.0,N/A
1988.0,Sarah Coope,0.0,N/A
1988.0,Terri Schneider,0.0,N/A
1988.0,Kirsten Hanssen,3.0,09:37:25
1988.0,Erin Baker,2.0,09:12:14
1988.0,Joanne Ernst,0.0,N/A
1988.0,Paula Newby-Fraser,1.0,09:01:01
1988.0,Elizabeth Bulman,0.0,N/A
1988.0,Julie Olson,0.0,N/A
1988.0,Patricia Puntous,0.0,N/A
1988.0,Sylviane Puntous,0.0,N/A
1988.0,Eva Ueltzen,0.0,N/A
1988.0,Julie Leach,0.0,N/A
1988.0,Jo Ann Dahlkoetter,0.0,N/A
1988.0,Julie Moss,0.0,N/A
1988.0,Kathleen McCartney,0.0,N/A
1988.0,Sally Edwards,0.0,N/A
1988.0,Lyn Brooks,0.0,N/A
1988.0,Linda Sweeney,0.0,N/A
1988.0,Eve Anderson,0.0,N/A
1988.0,Robin Beck,0.0,N/A
1988.0,Lyn Lemaire,0.0,N/A
1989.0,Anne Haug,0.0,N/A
1989.0,Sarah Crowley,0.0,N/A
1989.0,Lucy Charles,0.0,N/A
1989.0,Heather Jackson,0.0,N/A
1989.0,Daniela Ryf,0.0,N/A
1989.0,Rachel Joyce,0.0,N/A
1989.0,Liz Blatchford,0.0,N/A
1989.0,Leanda Cave,0.0,N/A
1989.0,Caroline Steffen,0.0,N/A
1989.0,Julie Dibens,0.0,N/A
1989.0,Virginia Berasategui,0.0,N/A
1989.0,Mirinda Carfrae,0.0,N/A
1989.0,Yvonne van Vlerken,0.0,N/A
1989.0,Sandra Wallenhorst,0.0,N/A
1989.0,Chrissie Wellington,0.0,N/A
1989.0,Samantha McGlone,0.0,N/A
1989.0,Lisa Bentley,0.0,N/A
1989.0,Desiree Ficker,0.0,N/A
1989.0,Michellie Jones,0.0,N/A
1989.0,Kate Major,0.0,N/A
1989.0,Nina Kraft,0.0,N/A
1989.0,Heather Fuhr,0.0,N/A
1989.0,Lori Bowden,0.0,N/A
1989.0,Natascha Badmann,0.0,N/A
1989.0,Isabelle Mouthon,0.0,N/A
1989.0,Fernanda Keller,0.0,N/A
1989.0,Karen Smyers,0.0,N/A
1989.0,Susan Latshaw,0.0,N/A
1989.0,Julie Anne White,0.0,N/A
1989.0,Thea Sybesma,0.0,N/A
1989.0,Sarah Coope,0.0,N/A
1989.0,Terri Schneider,0.0,N/A
1989.0,Kirsten Hanssen,3.0,09:24:31
1989.0,Erin Baker,0.0,N/A
1989.0,Joanne Ernst,0.0,N/A
1989.0,Paula Newby-Fraser,1.0,09:00:56
1989.0,Elizabeth Bulman,0.0,N/A
1989.0,Julie Olson,0.0,N/A
1989.0,Patricia Puntous,0.0,N/A
1989.0,Sylviane Puntous,2.0,09:21:55
1989.0,Eva Ueltzen,0.0,N/A
1989.0,Julie Leach,0.0,N/A
1989.0,Jo Ann Dahlkoetter,0.0,N/A
1989.0,Julie Moss,0.0,N/A
1989.0,Kathleen McCartney,0.0,N/A
1989.0,Sally Edwards,0.0,N/A
1989.0,Lyn Brooks,0.0,N/A
1989.0,Linda Sweeney,0.0,N/A
1989.0,Eve Anderson,0.0,N/A
1989.0,Robin Beck,0.0,N/A
1989.0,Lyn Lemaire,0.0,N/A
1990.0,Anne Haug,0.0,N/A
1990.0,Sarah Crowley,0.0,N/A
1990.0,Lucy Charles,0.0,N/A
1990.0,Heather Jackson,0.0,N/A
1990.0,Daniela Ryf,0.0,N/A
1990.0,Rachel Joyce,0.0,N/A
1990.0,Liz Blatchford,0.0,N/A
1990.0,Leanda Cave,0.0,N/A
1990.0,Caroline Steffen,0.0,N/A
1990.0,Julie Dibens,0.0,N/A
1990.0,Virginia Berasategui,0.0,N/A
1990.0,Mirinda Carfrae,0.0,N/A
1990.0,Yvonne van Vlerken,0.0,N/A
1990.0,Sandra Wallenhorst,0.0,N/A
1990.0,Chrissie Wellington,0.0,N/A
1990.0,Samantha McGlone,0.0,N/A
1990.0,Lisa Bentley,0.0,N/A
1990.0,Desiree Ficker,0.0,N/A
1990.0,Michellie Jones,0.0,N/A
1990.0,Kate Major,0.0,N/A
1990.0,Nina Kraft,0.0,N/A
1990.0,Heather Fuhr,0.0,N/A
1990.0,Lori Bowden,0.0,N/A
1990.0,Natascha Badmann,0.0,N/A
1990.0,Isabelle Mouthon,0.0,N/A
1990.0,Fernanda Keller,0.0,N/A
1990.0,Karen Smyers,0.0,N/A
1990.0,Susan Latshaw,0.0,N/A
1990.0,Julie Anne White,0.0,N/A
1990.0,Thea Sybesma,0.0,N/A
1990.0,Sarah Coope,0.0,N/A
1990.0,Terri Schneider,3.0,10:00:34
1990.0,Kirsten Hanssen,0.0,N/A
1990.0,Erin Baker,1.0,09:13:42
1990.0,Joanne Ernst,0.0,N/A
1990.0,Paula Newby-Fraser,2.0,09:20:01
1990.0,Elizabeth Bulman,0.0,N/A
1990.0,Julie Olson,0.0,N/A
1990.0,Patricia Puntous,0.0,N/A
1990.0,Sylviane Puntous,0.0,N/A
1990.0,Eva Ueltzen,0.0,N/A
1990.0,Julie Leach,0.0,N/A
1990.0,Jo Ann Dahlkoetter,0.0,N/A
1990.0,Julie Moss,0.0,N/A
1990.0,Kathleen McCartney,0.0,N/A
1990.0,Sally Edwards,0.0,N/A
1990.0,Lyn Brooks,0.0,N/A
1990.0,Linda Sweeney,0.0,N/A
1990.0,Eve Anderson,0.0,N/A
1990.0,Robin Beck,0.0,N/A
1990.0,Lyn Lemaire,0.0,N/A
1991.0,Anne Haug,0.0,N/A
1991.0,Sarah Crowley,0.0,N/A
1991.0,Lucy Charles,0.0,N/A
1991.0,Heather Jackson,0.0,N/A
1991.0,Daniela Ryf,0.0,N/A
1991.0,Rachel Joyce,0.0,N/A
1991.0,Liz Blatchford,0.0,N/A
1991.0,Leanda Cave,0.0,N/A
1991.0,Caroline Steffen,0.0,N/A
1991.0,Julie Dibens,0.0,N/A
1991.0,Virginia Berasategui,0.0,N/A
1991.0,Mirinda Carfrae,0.0,N/A
1991.0,Yvonne van Vlerken,0.0,N/A
1991.0,Sandra Wallenhorst,0.0,N/A
1991.0,Chrissie Wellington,0.0,N/A
1991.0,Samantha McGlone,0.0,N/A
1991.0,Lisa Bentley,0.0,N/A
1991.0,Desiree Ficker,0.0,N/A
1991.0,Michellie Jones,0.0,N/A
1991.0,Kate Major,0.0,N/A
1991.0,Nina Kraft,0.0,N/A
1991.0,Heather Fuhr,0.0,N/A
1991.0,Lori Bowden,0.0,N/A
1991.0,Natascha Badmann,0.0,N/A
1991.0,Isabelle Mouthon,0.0,N/A
1991.0,Fernanda Keller,0.0,N/A
1991.0,Karen Smyers,0.0,N/A
1991.0,Susan Latshaw,0.0,N/A
1991.0,Julie Anne White,0.0,N/A
1991.0,Thea Sybesma,0.0,N/A
1991.0,Sarah Coope,3.0,09:33:20
1991.0,Terri Schneider,0.0,N/A
1991.0,Kirsten Hanssen,0.0,N/A
1991.0,Erin Baker,2.0,09:23:37
1991.0,Joanne Ernst,0.0,N/A
1991.0,Paula Newby-Fraser,1.0,09:07:52
1991.0,Elizabeth Bulman,0.0,N/A
1991.0,Julie Olson,0.0,N/A
1991.0,Patricia Puntous,0.0,N/A
1991.0,Sylviane Puntous,0.0,N/A
1991.0,Eva Ueltzen,0.0,N/A
1991.0,Julie Leach,0.0,N/A
1991.0,Jo Ann Dahlkoetter,0.0,N/A
1991.0,Julie Moss,0.0,N/A
1991.0,Kathleen McCartney,0.0,N/A
1991.0,Sally Edwards,0.0,N/A
1991.0,Lyn Brooks,0.0,N/A
1991.0,Linda Sweeney,0.0,N/A
1991.0,Eve Anderson,0.0,N/A
1991.0,Robin Beck,0.0,N/A
1991.0,Lyn Lemaire,0.0,N/A
1992.0,Anne Haug,0.0,N/A
1992.0,Sarah Crowley,0.0,N/A
1992.0,Lucy Charles,0.0,N/A
1992.0,Heather Jackson,0.0,N/A
1992.0,Daniela Ryf,0.0,N/A
1992.0,Rachel Joyce,0.0,N/A
1992.0,Liz Blatchford,0.0,N/A
1992.0,Leanda Cave,0.0,N/A
1992.0,Caroline Steffen,0.0,N/A
1992.0,Julie Dibens,0.0,N/A
1992.0,Virginia Berasategui,0.0,N/A
1992.0,Mirinda Carfrae,0.0,N/A
1992.0,Yvonne van Vlerken,0.0,N/A
1992.0,Sandra Wallenhorst,0.0,N/A
1992.0,Chrissie Wellington,0.0,N/A
1992.0,Samantha McGlone,0.0,N/A
1992.0,Lisa Bentley,0.0,N/A
1992.0,Desiree Ficker,0.0,N/A
1992.0,Michellie Jones,0.0,N/A
1992.0,Kate Major,0.0,N/A
1992.0,Nina Kraft,0.0,N/A
1992.0,Heather Fuhr,0.0,N/A
1992.0,Lori Bowden,0.0,N/A
1992.0,Natascha Badmann,0.0,N/A
1992.0,Isabelle Mouthon,0.0,N/A
1992.0,Fernanda Keller,0.0,N/A
1992.0,Karen Smyers,0.0,N/A
1992.0,Susan Latshaw,0.0,N/A
1992.0,Julie Anne White,2.0,09:21:40
1992.0,Thea Sybesma,3.0,09:26:57
1992.0,Sarah Coope,0.0,N/A
1992.0,Terri Schneider,0.0,N/A
1992.0,Kirsten Hanssen,0.0,N/A
1992.0,Erin Baker,0.0,N/A
1992.0,Joanne Ernst,0.0,N/A
1992.0,Paula Newby-Fraser,1.0,08:55:28
1992.0,Elizabeth Bulman,0.0,N/A
1992.0,Julie Olson,0.0,N/A
1992.0,Patricia Puntous,0.0,N/A
1992.0,Sylviane Puntous,0.0,N/A
1992.0,Eva Ueltzen,0.0,N/A
1992.0,Julie Leach,0.0,N/A
1992.0,Jo Ann Dahlkoetter,0.0,N/A
1992.0,Julie Moss,0.0,N/A
1992.0,Kathleen McCartney,0.0,N/A
1992.0,Sally Edwards,0.0,N/A
1992.0,Lyn Brooks,0.0,N/A
1992.0,Linda Sweeney,0.0,N/A
1992.0,Eve Anderson,0.0,N/A
1992.0,Robin Beck,0.0,N/A
1992.0,Lyn Lemaire,0.0,N/A
1993.0,Anne Haug,0.0,N/A
1993.0,Sarah Crowley,0.0,N/A
1993.0,Lucy Charles,0.0,N/A
1993.0,Heather Jackson,0.0,N/A
1993.0,Daniela Ryf,0.0,N/A
1993.0,Rachel Joyce,0.0,N/A
1993.0,Liz Blatchford,0.0,N/A
1993.0,Leanda Cave,0.0,N/A
1993.0,Caroline Steffen,0.0,N/A
1993.0,Julie Dibens,0.0,N/A
1993.0,Virginia Berasategui,0.0,N/A
1993.0,Mirinda Carfrae,0.0,N/A
1993.0,Yvonne van Vlerken,0.0,N/A
1993.0,Sandra Wallenhorst,0.0,N/A
1993.0,Chrissie Wellington,0.0,N/A
1993.0,Samantha McGlone,0.0,N/A
1993.0,Lisa Bentley,0.0,N/A
1993.0,Desiree Ficker,0.0,N/A
1993.0,Michellie Jones,0.0,N/A
1993.0,Kate Major,0.0,N/A
1993.0,Nina Kraft,0.0,N/A
1993.0,Heather Fuhr,0.0,N/A
1993.0,Lori Bowden,0.0,N/A
1993.0,Natascha Badmann,0.0,N/A
1993.0,Isabelle Mouthon,0.0,N/A
1993.0,Fernanda Keller,0.0,N/A
1993.0,Karen Smyers,0.0,N/A
1993.0,Susan Latshaw,3.0,09:20:40
1993.0,Julie Anne White,0.0,N/A
1993.0,Thea Sybesma,0.0,N/A
1993.0,Sarah Coope,0.0,N/A
1993.0,Terri Schneider,0.0,N/A
1993.0,Kirsten Hanssen,0.0,N/A
1993.0,Erin Baker,2.0,09:08:04
1993.0,Joanne Ernst,0.0,N/A
1993.0,Paula Newby-Fraser,1.0,08:58:23
1993.0,Elizabeth Bulman,0.0,N/A
1993.0,Julie Olson,0.0,N/A
1993.0,Patricia Puntous,0.0,N/A
1993.0,Sylviane Puntous,0.0,N/A
1993.0,Eva Ueltzen,0.0,N/A
1993.0,Julie Leach,0.0,N/A
1993.0,Jo Ann Dahlkoetter,0.0,N/A
1993.0,Julie Moss,0.0,N/A
1993.0,Kathleen McCartney,0.0,N/A
1993.0,Sally Edwards,0.0,N/A
1993.0,Lyn Brooks,0.0,N/A
1993.0,Linda Sweeney,0.0,N/A
1993.0,Eve Anderson,0.0,N/A
1993.0,Robin Beck,0.0,N/A
1993.0,Lyn Lemaire,0.0,N/A
1994.0,Anne Haug,0.0,N/A
1994.0,Sarah Crowley,0.0,N/A
1994.0,Lucy Charles,0.0,N/A
1994.0,Heather Jackson,0.0,N/A
1994.0,Daniela Ryf,0.0,N/A
1994.0,Rachel Joyce,0.0,N/A
1994.0,Liz Blatchford,0.0,N/A
1994.0,Leanda Cave,0.0,N/A
1994.0,Caroline Steffen,0.0,N/A
1994.0,Julie Dibens,0.0,N/A
1994.0,Virginia Berasategui,0.0,N/A
1994.0,Mirinda Carfrae,0.0,N/A
1994.0,Yvonne van Vlerken,0.0,N/A
1994.0,Sandra Wallenhorst,0.0,N/A
1994.0,Chrissie Wellington,0.0,N/A
1994.0,Samantha McGlone,0.0,N/A
1994.0,Lisa Bentley,0.0,N/A
1994.0,Desiree Ficker,0.0,N/A
1994.0,Michellie Jones,0.0,N/A
1994.0,Kate Major,0.0,N/A
1994.0,Nina Kraft,0.0,N/A
1994.0,Heather Fuhr,0.0,N/A
1994.0,Lori Bowden,0.0,N/A
1994.0,Natascha Badmann,0.0,N/A
1994.0,Isabelle Mouthon,0.0,N/A
1994.0,Fernanda Keller,3.0,09:43:30
1994.0,Karen Smyers,2.0,09:28:08
1994.0,Susan Latshaw,0.0,N/A
1994.0,Julie Anne White,0.0,N/A
1994.0,Thea Sybesma,0.0,N/A
1994.0,Sarah Coope,0.0,N/A
1994.0,Terri Schneider,0.0,N/A
1994.0,Kirsten Hanssen,0.0,N/A
1994.0,Erin Baker,0.0,N/A
1994.0,Joanne Ernst,0.0,N/A
1994.0,Paula Newby-Fraser,1.0,09:20:14
1994.0,Elizabeth Bulman,0.0,N/A
1994.0,Julie Olson,0.0,N/A
1994.0,Patricia Puntous,0.0,N/A
1994.0,Sylviane Puntous,0.0,N/A
1994.0,Eva Ueltzen,0.0,N/A
1994.0,Julie Leach,0.0,N/A
1994.0,Jo Ann Dahlkoetter,0.0,N/A
1994.0,Julie Moss,0.0,N/A
1994.0,Kathleen McCartney,0.0,N/A
1994.0,Sally Edwards,0.0,N/A
1994.0,Lyn Brooks,0.0,N/A
1994.0,Linda Sweeney,0.0,N/A
1994.0,Eve Anderson,0.0,N/A
1994.0,Robin Beck,0.0,N/A
1994.0,Lyn Lemaire,0.0,N/A
1995.0,Anne Haug,0.0,N/A
1995.0,Sarah Crowley,0.0,N/A
1995.0,Lucy Charles,0.0,N/A
1995.0,Heather Jackson,0.0,N/A
1995.0,Daniela Ryf,0.0,N/A
1995.0,Rachel Joyce,0.0,N/A
1995.0,Liz Blatchford,0.0,N/A
1995.0,Leanda Cave,0.0,N/A
1995.0,Caroline Steffen,0.0,N/A
1995.0,Julie Dibens,0.0,N/A
1995.0,Virginia Berasategui,0.0,N/A
1995.0,Mirinda Carfrae,0.0,N/A
1995.0,Yvonne van Vlerken,0.0,N/A
1995.0,Sandra Wallenhorst,0.0,N/A
1995.0,Chrissie Wellington,0.0,N/A
1995.0,Samantha McGlone,0.0,N/A
1995.0,Lisa Bentley,0.0,N/A
1995.0,Desiree Ficker,0.0,N/A
1995.0,Michellie Jones,0.0,N/A
1995.0,Kate Major,0.0,N/A
1995.0,Nina Kraft,0.0,N/A
1995.0,Heather Fuhr,0.0,N/A
1995.0,Lori Bowden,0.0,N/A
1995.0,Natascha Badmann,0.0,N/A
1995.0,Isabelle Mouthon,2.0,09:25:13
1995.0,Fernanda Keller,3.0,09:37:48
1995.0,Karen Smyers,1.0,09:16:46
1995.0,Susan Latshaw,0.0,N/A
1995.0,Julie Anne White,0.0,N/A
1995.0,Thea Sybesma,0.0,N/A
1995.0,Sarah Coope,0.0,N/A
1995.0,Terri Schneider,0.0,N/A
1995.0,Kirsten Hanssen,0.0,N/A
1995.0,Erin Baker,0.0,N/A
1995.0,Joanne Ernst,0.0,N/A
1995.0,Paula Newby-Fraser,0.0,N/A
1995.0,Elizabeth Bulman,0.0,N/A
1995.0,Julie Olson,0.0,N/A
1995.0,Patricia Puntous,0.0,N/A
1995.0,Sylviane Puntous,0.0,N/A
1995.0,Eva Ueltzen,0.0,N/A
1995.0,Julie Leach,0.0,N/A
1995.0,Jo Ann Dahlkoetter,0.0,N/A
1995.0,Julie Moss,0.0,N/A
1995.0,Kathleen McCartney,0.0,N/A
1995.0,Sally Edwards,0.0,N/A
1995.0,Lyn Brooks,0.0,N/A
1995.0,Linda Sweeney,0.0,N/A
1995.0,Eve Anderson,0.0,N/A
1995.0,Robin Beck,0.0,N/A
1995.0,Lyn Lemaire,0.0,N/A
1996.0,Anne Haug,0.0,N/A
1996.0,Sarah Crowley,0.0,N/A
1996.0,Lucy Charles,0.0,N/A
1996.0,Heather Jackson,0.0,N/A
1996.0,Daniela Ryf,0.0,N/A
1996.0,Rachel Joyce,0.0,N/A
1996.0,Liz Blatchford,0.0,N/A
1996.0,Leanda Cave,0.0,N/A
1996.0,Caroline Steffen,0.0,N/A
1996.0,Julie Dibens,0.0,N/A
1996.0,Virginia Berasategui,0.0,N/A
1996.0,Mirinda Carfrae,0.0,N/A
1996.0,Yvonne van Vlerken,0.0,N/A
1996.0,Sandra Wallenhorst,0.0,N/A
1996.0,Chrissie Wellington,0.0,N/A
1996.0,Samantha McGlone,0.0,N/A
1996.0,Lisa Bentley,0.0,N/A
1996.0,Desiree Ficker,0.0,N/A
1996.0,Michellie Jones,0.0,N/A
1996.0,Kate Major,0.0,N/A
1996.0,Nina Kraft,0.0,N/A
1996.0,Heather Fuhr,0.0,N/A
1996.0,Lori Bowden,0.0,N/A
1996.0,Natascha Badmann,2.0,09:11:19
1996.0,Isabelle Mouthon,0.0,N/A
1996.0,Fernanda Keller,0.0,N/A
1996.0,Karen Smyers,3.0,09:19:13
1996.0,Susan Latshaw,0.0,N/A
1996.0,Julie Anne White,0.0,N/A
1996.0,Thea Sybesma,0.0,N/A
1996.0,Sarah Coope,0.0,N/A
1996.0,Terri Schneider,0.0,N/A
1996.0,Kirsten Hanssen,0.0,N/A
1996.0,Erin Baker,0.0,N/A
1996.0,Joanne Ernst,0.0,N/A
1996.0,Paula Newby-Fraser,1.0,09:06:49
1996.0,Elizabeth Bulman,0.0,N/A
1996.0,Julie Olson,0.0,N/A
1996.0,Patricia Puntous,0.0,N/A
1996.0,Sylviane Puntous,0.0,N/A
1996.0,Eva Ueltzen,0.0,N/A
1996.0,Julie Leach,0.0,N/A
1996.0,Jo Ann Dahlkoetter,0.0,N/A
1996.0,Julie Moss,0.0,N/A
1996.0,Kathleen McCartney,0.0,N/A
1996.0,Sally Edwards,0.0,N/A
1996.0,Lyn Brooks,0.0,N/A
1996.0,Linda Sweeney,0.0,N/A
1996.0,Eve Anderson,0.0,N/A
1996.0,Robin Beck,0.0,N/A
1996.0,Lyn Lemaire,0.0,N/A
1997.0,Anne Haug,0.0,N/A
1997.0,Sarah Crowley,0.0,N/A
1997.0,Lucy Charles,0.0,N/A
1997.0,Heather Jackson,0.0,N/A
1997.0,Daniela Ryf,0.0,N/A
1997.0,Rachel Joyce,0.0,N/A
1997.0,Liz Blatchford,0.0,N/A
1997.0,Leanda Cave,0.0,N/A
1997.0,Caroline Steffen,0.0,N/A
1997.0,Julie Dibens,0.0,N/A
1997.0,Virginia Berasategui,0.0,N/A
1997.0,Mirinda Carfrae,0.0,N/A
1997.0,Yvonne van Vlerken,0.0,N/A
1997.0,Sandra Wallenhorst,0.0,N/A
1997.0,Chrissie Wellington,0.0,N/A
1997.0,Samantha McGlone,0.0,N/A
1997.0,Lisa Bentley,0.0,N/A
1997.0,Desiree Ficker,0.0,N/A
1997.0,Michellie Jones,0.0,N/A
1997.0,Kate Major,0.0,N/A
1997.0,Nina Kraft,0.0,N/A
1997.0,Heather Fuhr,1.0,09:31:43
1997.0,Lori Bowden,2.0,09:41:42
1997.0,Natascha Badmann,0.0,N/A
1997.0,Isabelle Mouthon,0.0,N/A
1997.0,Fernanda Keller,3.0,09:50:02
1997.0,Karen Smyers,0.0,N/A
1997.0,Susan Latshaw,0.0,N/A
1997.0,Julie Anne White,0.0,N/A
1997.0,Thea Sybesma,0.0,N/A
1997.0,Sarah Coope,0.0,N/A
1997.0,Terri Schneider,0.0,N/A
1997.0,Kirsten Hanssen,0.0,N/A
1997.0,Erin Baker,0.0,N/A
1997.0,Joanne Ernst,0.0,N/A
1997.0,Paula Newby-Fraser,0.0,N/A
1997.0,Elizabeth Bulman,0.0,N/A
1997.0,Julie Olson,0.0,N/A
1997.0,Patricia Puntous,0.0,N/A
1997.0,Sylviane Puntous,0.0,N/A
1997.0,Eva Ueltzen,0.0,N/A
1997.0,Julie Leach,0.0,N/A
1997.0,Jo Ann Dahlkoetter,0.0,N/A
1997.0,Julie Moss,0.0,N/A
1997.0,Kathleen McCartney,0.0,N/A
1997.0,Sally Edwards,0.0,N/A
1997.0,Lyn Brooks,0.0,N/A
1997.0,Linda Sweeney,0.0,N/A
1997.0,Eve Anderson,0.0,N/A
1997.0,Robin Beck,0.0,N/A
1997.0,Lyn Lemaire,0.0,N/A
1998.0,Anne Haug,0.0,N/A
1998.0,Sarah Crowley,0.0,N/A
1998.0,Lucy Charles,0.0,N/A
1998.0,Heather Jackson,0.0,N/A
1998.0,Daniela Ryf,0.0,N/A
1998.0,Rachel Joyce,0.0,N/A
1998.0,Liz Blatchford,0.0,N/A
1998.0,Leanda Cave,0.0,N/A
1998.0,Caroline Steffen,0.0,N/A
1998.0,Julie Dibens,0.0,N/A
1998.0,Virginia Berasategui,0.0,N/A
1998.0,Mirinda Carfrae,0.0,N/A
1998.0,Yvonne van Vlerken,0.0,N/A
1998.0,Sandra Wallenhorst,0.0,N/A
1998.0,Chrissie Wellington,0.0,N/A
1998.0,Samantha McGlone,0.0,N/A
1998.0,Lisa Bentley,0.0,N/A
1998.0,Desiree Ficker,0.0,N/A
1998.0,Michellie Jones,0.0,N/A
1998.0,Kate Major,0.0,N/A
1998.0,Nina Kraft,0.0,N/A
1998.0,Heather Fuhr,0.0,N/A
1998.0,Lori Bowden,2.0,09:27:19
1998.0,Natascha Badmann,1.0,09:24:16
1998.0,Isabelle Mouthon,0.0,N/A
1998.0,Fernanda Keller,3.0,09:28:29
1998.0,Karen Smyers,0.0,N/A
1998.0,Susan Latshaw,0.0,N/A
1998.0,Julie Anne White,0.0,N/A
1998.0,Thea Sybesma,0.0,N/A
1998.0,Sarah Coope,0.0,N/A
1998.0,Terri Schneider,0.0,N/A
1998.0,Kirsten Hanssen,0.0,N/A
1998.0,Erin Baker,0.0,N/A
1998.0,Joanne Ernst,0.0,N/A
1998.0,Paula Newby-Fraser,0.0,N/A
1998.0,Elizabeth Bulman,0.0,N/A
1998.0,Julie Olson,0.0,N/A
1998.0,Patricia Puntous,0.0,N/A
1998.0,Sylviane Puntous,0.0,N/A
1998.0,Eva Ueltzen,0.0,N/A
1998.0,Julie Leach,0.0,N/A
1998.0,Jo Ann Dahlkoetter,0.0,N/A
1998.0,Julie Moss,0.0,N/A
1998.0,Kathleen McCartney,0.0,N/A
1998.0,Sally Edwards,0.0,N/A
1998.0,Lyn Brooks,0.0,N/A
1998.0,Linda Sweeney,0.0,N/A
1998.0,Eve Anderson,0.0,N/A
1998.0,Robin Beck,0.0,N/A
1998.0,Lyn Lemaire,0.0,N/A
1999.0,Anne Haug,0.0,N/A
1999.0,Sarah Crowley,0.0,N/A
1999.0,Lucy Charles,0.0,N/A
1999.0,Heather Jackson,0.0,N/A
1999.0,Daniela Ryf,0.0,N/A
1999.0,Rachel Joyce,0.0,N/A
1999.0,Liz Blatchford,0.0,N/A
1999.0,Leanda Cave,0.0,N/A
1999.0,Caroline Steffen,0.0,N/A
1999.0,Julie Dibens,0.0,N/A
1999.0,Virginia Berasategui,0.0,N/A
1999.0,Mirinda Carfrae,0.0,N/A
1999.0,Yvonne van Vlerken,0.0,N/A
1999.0,Sandra Wallenhorst,0.0,N/A
1999.0,Chrissie Wellington,0.0,N/A
1999.0,Samantha McGlone,0.0,N/A
1999.0,Lisa Bentley,0.0,N/A
1999.0,Desiree Ficker,0.0,N/A
1999.0,Michellie Jones,0.0,N/A
1999.0,Kate Major,0.0,N/A
1999.0,Nina Kraft,0.0,N/A
1999.0,Heather Fuhr,0.0,N/A
1999.0,Lori Bowden,1.0,09:13:02
1999.0,Natascha Badmann,0.0,N/A
1999.0,Isabelle Mouthon,0.0,N/A
1999.0,Fernanda Keller,3.0,09:24:30
1999.0,Karen Smyers,2.0,09:20:40
1999.0,Susan Latshaw,0.0,N/A
1999.0,Julie Anne White,0.0,N/A
1999.0,Thea Sybesma,0.0,N/A
1999.0,Sarah Coope,0.0,N/A
1999.0,Terri Schneider,0.0,N/A
1999.0,Kirsten Hanssen,0.0,N/A
1999.0,Erin Baker,0.0,N/A
1999.0,Joanne Ernst,0.0,N/A
1999.0,Paula Newby-Fraser,0.0,N/A
1999.0,Elizabeth Bulman,0.0,N/A
1999.0,Julie Olson,0.0,N/A
1999.0,Patricia Puntous,0.0,N/A
1999.0,Sylviane Puntous,0.0,N/A
1999.0,Eva Ueltzen,0.0,N/A
1999.0,Julie Leach,0.0,N/A
1999.0,Jo Ann Dahlkoetter,0.0,N/A
1999.0,Julie Moss,0.0,N/A
1999.0,Kathleen McCartney,0.0,N/A
1999.0,Sally Edwards,0.0,N/A
1999.0,Lyn Brooks,0.0,N/A
1999.0,Linda Sweeney,0.0,N/A
1999.0,Eve Anderson,0.0,N/A
1999.0,Robin Beck,0.0,N/A
1999.0,Lyn Lemaire,0.0,N/A
2000.0,Anne Haug,0.0,N/A
2000.0,Sarah Crowley,0.0,N/A
2000.0,Lucy Charles,0.0,N/A
2000.0,Heather Jackson,0.0,N/A
2000.0,Daniela Ryf,0.0,N/A
2000.0,Rachel Joyce,0.0,N/A
2000.0,Liz Blatchford,0.0,N/A
2000.0,Leanda Cave,0.0,N/A
2000.0,Caroline Steffen,0.0,N/A
2000.0,Julie Dibens,0.0,N/A
2000.0,Virginia Berasategui,0.0,N/A
2000.0,Mirinda Carfrae,0.0,N/A
2000.0,Yvonne van Vlerken,0.0,N/A
2000.0,Sandra Wallenhorst,0.0,N/A
2000.0,Chrissie Wellington,0.0,N/A
2000.0,Samantha McGlone,0.0,N/A
2000.0,Lisa Bentley,0.0,N/A
2000.0,Desiree Ficker,0.0,N/A
2000.0,Michellie Jones,0.0,N/A
2000.0,Kate Major,0.0,N/A
2000.0,Nina Kraft,0.0,N/A
2000.0,Heather Fuhr,0.0,N/A
2000.0,Lori Bowden,2.0,09:29:05
2000.0,Natascha Badmann,1.0,09:26:17
2000.0,Isabelle Mouthon,0.0,N/A
2000.0,Fernanda Keller,3.0,09:31:29
2000.0,Karen Smyers,0.0,N/A
2000.0,Susan Latshaw,0.0,N/A
2000.0,Julie Anne White,0.0,N/A
2000.0,Thea Sybesma,0.0,N/A
2000.0,Sarah Coope,0.0,N/A
2000.0,Terri Schneider,0.0,N/A
2000.0,Kirsten Hanssen,0.0,N/A
2000.0,Erin Baker,0.0,N/A
2000.0,Joanne Ernst,0.0,N/A
2000.0,Paula Newby-Fraser,0.0,N/A
2000.0,Elizabeth Bulman,0.0,N/A
2000.0,Julie Olson,0.0,N/A
2000.0,Patricia Puntous,0.0,N/A
2000.0,Sylviane Puntous,0.0,N/A
2000.0,Eva Ueltzen,0.0,N/A
2000.0,Julie Leach,0.0,N/A
2000.0,Jo Ann Dahlkoetter,0.0,N/A
2000.0,Julie Moss,0.0,N/A
2000.0,Kathleen McCartney,0.0,N/A
2000.0,Sally Edwards,0.0,N/A
2000.0,Lyn Brooks,0.0,N/A
2000.0,Linda Sweeney,0.0,N/A
2000.0,Eve Anderson,0.0,N/A
2000.0,Robin Beck,0.0,N/A
2000.0,Lyn Lemaire,0.0,N/A
2001.0,Anne Haug,0.0,N/A
2001.0,Sarah Crowley,0.0,N/A
2001.0,Lucy Charles,0.0,N/A
2001.0,Heather Jackson,0.0,N/A
2001.0,Daniela Ryf,0.0,N/A
2001.0,Rachel Joyce,0.0,N/A
2001.0,Liz Blatchford,0.0,N/A
2001.0,Leanda Cave,0.0,N/A
2001.0,Caroline Steffen,0.0,N/A
2001.0,Julie Dibens,0.0,N/A
2001.0,Virginia Berasategui,0.0,N/A
2001.0,Mirinda Carfrae,0.0,N/A
2001.0,Yvonne van Vlerken,0.0,N/A
2001.0,Sandra Wallenhorst,0.0,N/A
2001.0,Chrissie Wellington,0.0,N/A
2001.0,Samantha McGlone,0.0,N/A
2001.0,Lisa Bentley,0.0,N/A
2001.0,Desiree Ficker,0.0,N/A
2001.0,Michellie Jones,0.0,N/A
2001.0,Kate Major,0.0,N/A
2001.0,Nina Kraft,3.0,09:41:01
2001.0,Heather Fuhr,0.0,N/A
2001.0,Lori Bowden,2.0,09:32:59
2001.0,Natascha Badmann,1.0,09:28:37
2001.0,Isabelle Mouthon,0.0,N/A
2001.0,Fernanda Keller,0.0,N/A
2001.0,Karen Smyers,0.0,N/A
2001.0,Susan Latshaw,0.0,N/A
2001.0,Julie Anne White,0.0,N/A
2001.0,Thea Sybesma,0.0,N/A
2001.0,Sarah Coope,0.0,N/A
2001.0,Terri Schneider,0.0,N/A
2001.0,Kirsten Hanssen,0.0,N/A
2001.0,Erin Baker,0.0,N/A
2001.0,Joanne Ernst,0.0,N/A
2001.0,Paula Newby-Fraser,0.0,N/A
2001.0,Elizabeth Bulman,0.0,N/A
2001.0,Julie Olson,0.0,N/A
2001.0,Patricia Puntous,0.0,N/A
2001.0,Sylviane Puntous,0.0,N/A
2001.0,Eva Ueltzen,0.0,N/A
2001.0,Julie Leach,0.0,N/A
2001.0,Jo Ann Dahlkoetter,0.0,N/A
2001.0,Julie Moss,0.0,N/A
2001.0,Kathleen McCartney,0.0,N/A
2001.0,Sally Edwards,0.0,N/A
2001.0,Lyn Brooks,0.0,N/A
2001.0,Linda Sweeney,0.0,N/A
2001.0,Eve Anderson,0.0,N/A
2001.0,Robin Beck,0.0,N/A
2001.0,Lyn Lemaire,0.0,N/A
2002.0,Anne Haug,0.0,N/A
2002.0,Sarah Crowley,0.0,N/A
2002.0,Lucy Charles,0.0,N/A
2002.0,Heather Jackson,0.0,N/A
2002.0,Daniela Ryf,0.0,N/A
2002.0,Rachel Joyce,0.0,N/A
2002.0,Liz Blatchford,0.0,N/A
2002.0,Leanda Cave,0.0,N/A
2002.0,Caroline Steffen,0.0,N/A
2002.0,Julie Dibens,0.0,N/A
2002.0,Virginia Berasategui,0.0,N/A
2002.0,Mirinda Carfrae,0.0,N/A
2002.0,Yvonne van Vlerken,0.0,N/A
2002.0,Sandra Wallenhorst,0.0,N/A
2002.0,Chrissie Wellington,0.0,N/A
2002.0,Samantha McGlone,0.0,N/A
2002.0,Lisa Bentley,0.0,N/A
2002.0,Desiree Ficker,0.0,N/A
2002.0,Michellie Jones,0.0,N/A
2002.0,Kate Major,0.0,N/A
2002.0,Nina Kraft,2.0,09:14:24
2002.0,Heather Fuhr,0.0,N/A
2002.0,Lori Bowden,3.0,09:22:27
2002.0,Natascha Badmann,1.0,09:07:54
2002.0,Isabelle Mouthon,0.0,N/A
2002.0,Fernanda Keller,0.0,N/A
2002.0,Karen Smyers,0.0,N/A
2002.0,Susan Latshaw,0.0,N/A
2002.0,Julie Anne White,0.0,N/A
2002.0,Thea Sybesma,0.0,N/A
2002.0,Sarah Coope,0.0,N/A
2002.0,Terri Schneider,0.0,N/A
2002.0,Kirsten Hanssen,0.0,N/A
2002.0,Erin Baker,0.0,N/A
2002.0,Joanne Ernst,0.0,N/A
2002.0,Paula Newby-Fraser,0.0,N/A
2002.0,Elizabeth Bulman,0.0,N/A
2002.0,Julie Olson,0.0,N/A
2002.0,Patricia Puntous,0.0,N/A
2002.0,Sylviane Puntous,0.0,N/A
2002.0,Eva Ueltzen,0.0,N/A
2002.0,Julie Leach,0.0,N/A
2002.0,Jo Ann Dahlkoetter,0.0,N/A
2002.0,Julie Moss,0.0,N/A
2002.0,Kathleen McCartney,0.0,N/A
2002.0,Sally Edwards,0.0,N/A
2002.0,Lyn Brooks,0.0,N/A
2002.0,Linda Sweeney,0.0,N/A
2002.0,Eve Anderson,0.0,N/A
2002.0,Robin Beck,0.0,N/A
2002.0,Lyn Lemaire,0.0,N/A
2003.0,Anne Haug,0.0,N/A
2003.0,Sarah Crowley,0.0,N/A
2003.0,Lucy Charles,0.0,N/A
2003.0,Heather Jackson,0.0,N/A
2003.0,Daniela Ryf,0.0,N/A
2003.0,Rachel Joyce,0.0,N/A
2003.0,Liz Blatchford,0.0,N/A
2003.0,Leanda Cave,0.0,N/A
2003.0,Caroline Steffen,0.0,N/A
2003.0,Julie Dibens,0.0,N/A
2003.0,Virginia Berasategui,0.0,N/A
2003.0,Mirinda Carfrae,0.0,N/A
2003.0,Yvonne van Vlerken,0.0,N/A
2003.0,Sandra Wallenhorst,0.0,N/A
2003.0,Chrissie Wellington,0.0,N/A
2003.0,Samantha McGlone,0.0,N/A
2003.0,Lisa Bentley,0.0,N/A
2003.0,Desiree Ficker,0.0,N/A
2003.0,Michellie Jones,0.0,N/A
2003.0,Kate Major,0.0,N/A
2003.0,Nina Kraft,3.0,09:17:16
2003.0,Heather Fuhr,0.0,N/A
2003.0,Lori Bowden,1.0,09:11:55
2003.0,Natascha Badmann,2.0,09:17:08
2003.0,Isabelle Mouthon,0.0,N/A
2003.0,Fernanda Keller,0.0,N/A
2003.0,Karen Smyers,0.0,N/A
2003.0,Susan Latshaw,0.0,N/A
2003.0,Julie Anne White,0.0,N/A
2003.0,Thea Sybesma,0.0,N/A
2003.0,Sarah Coope,0.0,N/A
2003.0,Terri Schneider,0.0,N/A
2003.0,Kirsten Hanssen,0.0,N/A
2003.0,Erin Baker,0.0,N/A
2003.0,Joanne Ernst,0.0,N/A
2003.0,Paula Newby-Fraser,0.0,N/A
2003.0,Elizabeth Bulman,0.0,N/A
2003.0,Julie Olson,0.0,N/A
2003.0,Patricia Puntous,0.0,N/A
2003.0,Sylviane Puntous,0.0,N/A
2003.0,Eva Ueltzen,0.0,N/A
2003.0,Julie Leach,0.0,N/A
2003.0,Jo Ann Dahlkoetter,0.0,N/A
2003.0,Julie Moss,0.0,N/A
2003.0,Kathleen McCartney,0.0,N/A
2003.0,Sally Edwards,0.0,N/A
2003.0,Lyn Brooks,0.0,N/A
2003.0,Linda Sweeney,0.0,N/A
2003.0,Eve Anderson,0.0,N/A
2003.0,Robin Beck,0.0,N/A
2003.0,Lyn Lemaire,0.0,N/A
2004.0,Anne Haug,0.0,N/A
2004.0,Sarah Crowley,0.0,N/A
2004.0,Lucy Charles,0.0,N/A
2004.0,Heather Jackson,0.0,N/A
2004.0,Daniela Ryf,0.0,N/A
2004.0,Rachel Joyce,0.0,N/A
2004.0,Liz Blatchford,0.0,N/A
2004.0,Leanda Cave,0.0,N/A
2004.0,Caroline Steffen,0.0,N/A
2004.0,Julie Dibens,0.0,N/A
2004.0,Virginia Berasategui,0.0,N/A
2004.0,Mirinda Carfrae,0.0,N/A
2004.0,Yvonne van Vlerken,0.0,N/A
2004.0,Sandra Wallenhorst,0.0,N/A
2004.0,Chrissie Wellington,0.0,N/A
2004.0,Samantha McGlone,0.0,N/A
2004.0,Lisa Bentley,0.0,N/A
2004.0,Desiree Ficker,0.0,N/A
2004.0,Michellie Jones,0.0,N/A
2004.0,Kate Major,3.0,10:01:56
2004.0,Nina Kraft,0.0,N/A
2004.0,Heather Fuhr,2.0,09:56:19
2004.0,Lori Bowden,0.0,N/A
2004.0,Natascha Badmann,1.0,09:50:04
2004.0,Isabelle Mouthon,0.0,N/A
2004.0,Fernanda Keller,0.0,N/A
2004.0,Karen Smyers,0.0,N/A
2004.0,Susan Latshaw,0.0,N/A
2004.0,Julie Anne White,0.0,N/A
2004.0,Thea Sybesma,0.0,N/A
2004.0,Sarah Coope,0.0,N/A
2004.0,Terri Schneider,0.0,N/A
2004.0,Kirsten Hanssen,0.0,N/A
2004.0,Erin Baker,0.0,N/A
2004.0,Joanne Ernst,0.0,N/A
2004.0,Paula Newby-Fraser,0.0,N/A
2004.0,Elizabeth Bulman,0.0,N/A
2004.0,Julie Olson,0.0,N/A
2004.0,Patricia Puntous,0.0,N/A
2004.0,Sylviane Puntous,0.0,N/A
2004.0,Eva Ueltzen,0.0,N/A
2004.0,Julie Leach,0.0,N/A
2004.0,Jo Ann Dahlkoetter,0.0,N/A
2004.0,Julie Moss,0.0,N/A
2004.0,Kathleen McCartney,0.0,N/A
2004.0,Sally Edwards,0.0,N/A
2004.0,Lyn Brooks,0.0,N/A
2004.0,Linda Sweeney,0.0,N/A
2004.0,Eve Anderson,0.0,N/A
2004.0,Robin Beck,0.0,N/A
2004.0,Lyn Lemaire,0.0,N/A
2005.0,Anne Haug,0.0,N/A
2005.0,Sarah Crowley,0.0,N/A
2005.0,Lucy Charles,0.0,N/A
2005.0,Heather Jackson,0.0,N/A
2005.0,Daniela Ryf,0.0,N/A
2005.0,Rachel Joyce,0.0,N/A
2005.0,Liz Blatchford,0.0,N/A
2005.0,Leanda Cave,0.0,N/A
2005.0,Caroline Steffen,0.0,N/A
2005.0,Julie Dibens,0.0,N/A
2005.0,Virginia Berasategui,0.0,N/A
2005.0,Mirinda Carfrae,0.0,N/A
2005.0,Yvonne van Vlerken,0.0,N/A
2005.0,Sandra Wallenhorst,0.0,N/A
2005.0,Chrissie Wellington,0.0,N/A
2005.0,Samantha McGlone,0.0,N/A
2005.0,Lisa Bentley,0.0,N/A
2005.0,Desiree Ficker,0.0,N/A
2005.0,Michellie Jones,2.0,09:11:51
2005.0,Kate Major,3.0,09:12:39
2005.0,Nina Kraft,0.0,N/A
2005.0,Heather Fuhr,0.0,N/A
2005.0,Lori Bowden,0.0,N/A
2005.0,Natascha Badmann,1.0,09:09:30
2005.0,Isabelle Mouthon,0.0,N/A
2005.0,Fernanda Keller,0.0,N/A
2005.0,Karen Smyers,0.0,N/A
2005.0,Susan Latshaw,0.0,N/A
2005.0,Julie Anne White,0.0,N/A
2005.0,Thea Sybesma,0.0,N/A
2005.0,Sarah Coope,0.0,N/A
2005.0,Terri Schneider,0.0,N/A
2005.0,Kirsten Hanssen,0.0,N/A
2005.0,Erin Baker,0.0,N/A
2005.0,Joanne Ernst,0.0,N/A
2005.0,Paula Newby-Fraser,0.0,N/A
2005.0,Elizabeth Bulman,0.0,N/A
2005.0,Julie Olson,0.0,N/A
2005.0,Patricia Puntous,0.0,N/A
2005.0,Sylviane Puntous,0.0,N/A
2005.0,Eva Ueltzen,0.0,N/A
2005.0,Julie Leach,0.0,N/A
2005.0,Jo Ann Dahlkoetter,0.0,N/A
2005.0,Julie Moss,0.0,N/A
2005.0,Kathleen McCartney,0.0,N/A
2005.0,Sally Edwards,0.0,N/A
2005.0,Lyn Brooks,0.0,N/A
2005.0,Linda Sweeney,0.0,N/A
2005.0,Eve Anderson,0.0,N/A
2005.0,Robin Beck,0.0,N/A
2005.0,Lyn Lemaire,0.0,N/A
2006.0,Anne Haug,0.0,N/A
2006.0,Sarah Crowley,0.0,N/A
2006.0,Lucy Charles,0.0,N/A
2006.0,Heather Jackson,0.0,N/A
2006.0,Daniela Ryf,0.0,N/A
2006.0,Rachel Joyce,0.0,N/A
2006.0,Liz Blatchford,0.0,N/A
2006.0,Leanda Cave,0.0,N/A
2006.0,Caroline Steffen,0.0,N/A
2006.0,Julie Dibens,0.0,N/A
2006.0,Virginia Berasategui,0.0,N/A
2006.0,Mirinda Carfrae,0.0,N/A
2006.0,Yvonne van Vlerken,0.0,N/A
2006.0,Sandra Wallenhorst,0.0,N/A
2006.0,Chrissie Wellington,0.0,N/A
2006.0,Samantha McGlone,0.0,N/A
2006.0,Lisa Bentley,3.0,09:25:18
2006.0,Desiree Ficker,2.0,09:24:02
2006.0,Michellie Jones,1.0,09:18:31
2006.0,Kate Major,0.0,N/A
2006.0,Nina Kraft,0.0,N/A
2006.0,Heather Fuhr,0.0,N/A
2006.0,Lori Bowden,0.0,N/A
2006.0,Natascha Badmann,0.0,N/A
2006.0,Isabelle Mouthon,0.0,N/A
2006.0,Fernanda Keller,0.0,N/A
2006.0,Karen Smyers,0.0,N/A
2006.0,Susan Latshaw,0.0,N/A
2006.0,Julie Anne White,0.0,N/A
2006.0,Thea Sybesma,0.0,N/A
2006.0,Sarah Coope,0.0,N/A
2006.0,Terri Schneider,0.0,N/A
2006.0,Kirsten Hanssen,0.0,N/A
2006.0,Erin Baker,0.0,N/A
2006.0,Joanne Ernst,0.0,N/A
2006.0,Paula Newby-Fraser,0.0,N/A
2006.0,Elizabeth Bulman,0.0,N/A
2006.0,Julie Olson,0.0,N/A
2006.0,Patricia Puntous,0.0,N/A
2006.0,Sylviane Puntous,0.0,N/A
2006.0,Eva Ueltzen,0.0,N/A
2006.0,Julie Leach,0.0,N/A
2006.0,Jo Ann Dahlkoetter,0.0,N/A
2006.0,Julie Moss,0.0,N/A
2006.0,Kathleen McCartney,0.0,N/A
2006.0,Sally Edwards,0.0,N/A
2006.0,Lyn Brooks,0.0,N/A
2006.0,Linda Sweeney,0.0,N/A
2006.0,Eve Anderson,0.0,N/A
2006.0,Robin Beck,0.0,N/A
2006.0,Lyn Lemaire,0.0,N/A
2007.0,Anne Haug,0.0,N/A
2007.0,Sarah Crowley,0.0,N/A
2007.0,Lucy Charles,0.0,N/A
2007.0,Heather Jackson,0.0,N/A
2007.0,Daniela Ryf,0.0,N/A
2007.0,Rachel Joyce,0.0,N/A
2007.0,Liz Blatchford,0.0,N/A
2007.0,Leanda Cave,0.0,N/A
2007.0,Caroline Steffen,0.0,N/A
2007.0,Julie Dibens,0.0,N/A
2007.0,Virginia Berasategui,0.0,N/A
2007.0,Mirinda Carfrae,0.0,N/A
2007.0,Yvonne van Vlerken,0.0,N/A
2007.0,Sandra Wallenhorst,0.0,N/A
2007.0,Chrissie Wellington,1.0,09:08:45
2007.0,Samantha McGlone,2.0,09:14:04
2007.0,Lisa Bentley,0.0,N/A
2007.0,Desiree Ficker,0.0,N/A
2007.0,Michellie Jones,0.0,N/A
2007.0,Kate Major,3.0,09:19:13
2007.0,Nina Kraft,0.0,N/A
2007.0,Heather Fuhr,0.0,N/A
2007.0,Lori Bowden,0.0,N/A
2007.0,Natascha Badmann,0.0,N/A
2007.0,Isabelle Mouthon,0.0,N/A
2007.0,Fernanda Keller,0.0,N/A
2007.0,Karen Smyers,0.0,N/A
2007.0,Susan Latshaw,0.0,N/A
2007.0,Julie Anne White,0.0,N/A
2007.0,Thea Sybesma,0.0,N/A
2007.0,Sarah Coope,0.0,N/A
2007.0,Terri Schneider,0.0,N/A
2007.0,Kirsten Hanssen,0.0,N/A
2007.0,Erin Baker,0.0,N/A
2007.0,Joanne Ernst,0.0,N/A
2007.0,Paula Newby-Fraser,0.0,N/A
2007.0,Elizabeth Bulman,0.0,N/A
2007.0,Julie Olson,0.0,N/A
2007.0,Patricia Puntous,0.0,N/A
2007.0,Sylviane Puntous,0.0,N/A
2007.0,Eva Ueltzen,0.0,N/A
2007.0,Julie Leach,0.0,N/A
2007.0,Jo Ann Dahlkoetter,0.0,N/A
2007.0,Julie Moss,0.0,N/A
2007.0,Kathleen McCartney,0.0,N/A
2007.0,Sally Edwards,0.0,N/A
2007.0,Lyn Brooks,0.0,N/A
2007.0,Linda Sweeney,0.0,N/A
2007.0,Eve Anderson,0.0,N/A
2007.0,Robin Beck,0.0,N/A
2007.0,Lyn Lemaire,0.0,N/A
2008.0,Anne Haug,0.0,N/A
2008.0,Sarah Crowley,0.0,N/A
2008.0,Lucy Charles,0.0,N/A
2008.0,Heather Jackson,0.0,N/A
2008.0,Daniela Ryf,0.0,N/A
2008.0,Rachel Joyce,0.0,N/A
2008.0,Liz Blatchford,0.0,N/A
2008.0,Leanda Cave,0.0,N/A
2008.0,Caroline Steffen,0.0,N/A
2008.0,Julie Dibens,0.0,N/A
2008.0,Virginia Berasategui,0.0,N/A
2008.0,Mirinda Carfrae,0.0,N/A
2008.0,Yvonne van Vlerken,2.0,09:21:20
2008.0,Sandra Wallenhorst,3.0,09:22:52
2008.0,Chrissie Wellington,1.0,09:06:23
2008.0,Samantha McGlone,0.0,N/A
2008.0,Lisa Bentley,0.0,N/A
2008.0,Desiree Ficker,0.0,N/A
2008.0,Michellie Jones,0.0,N/A
2008.0,Kate Major,0.0,N/A
2008.0,Nina Kraft,0.0,N/A
2008.0,Heather Fuhr,0.0,N/A
2008.0,Lori Bowden,0.0,N/A
2008.0,Natascha Badmann,0.0,N/A
2008.0,Isabelle Mouthon,0.0,N/A
2008.0,Fernanda Keller,0.0,N/A
2008.0,Karen Smyers,0.0,N/A
2008.0,Susan Latshaw,0.0,N/A
2008.0,Julie Anne White,0.0,N/A
2008.0,Thea Sybesma,0.0,N/A
2008.0,Sarah Coope,0.0,N/A
2008.0,Terri Schneider,0.0,N/A
2008.0,Kirsten Hanssen,0.0,N/A
2008.0,Erin Baker,0.0,N/A
2008.0,Joanne Ernst,0.0,N/A
2008.0,Paula Newby-Fraser,0.0,N/A
2008.0,Elizabeth Bulman,0.0,N/A
2008.0,Julie Olson,0.0,N/A
2008.0,Patricia Puntous,0.0,N/A
2008.0,Sylviane Puntous,0.0,N/A
2008.0,Eva Ueltzen,0.0,N/A
2008.0,Julie Leach,0.0,N/A
2008.0,Jo Ann Dahlkoetter,0.0,N/A
2008.0,Julie Moss,0.0,N/A
2008.0,Kathleen McCartney,0.0,N/A
2008.0,Sally Edwards,0.0,N/A
2008.0,Lyn Brooks,0.0,N/A
2008.0,Linda Sweeney,0.0,N/A
2008.0,Eve Anderson,0.0,N/A
2008.0,Robin Beck,0.0,N/A
2008.0,Lyn Lemaire,0.0,N/A
2009.0,Anne Haug,0.0,N/A
2009.0,Sarah Crowley,0.0,N/A
2009.0,Lucy Charles,0.0,N/A
2009.0,Heather Jackson,0.0,N/A
2009.0,Daniela Ryf,0.0,N/A
2009.0,Rachel Joyce,0.0,N/A
2009.0,Liz Blatchford,0.0,N/A
2009.0,Leanda Cave,0.0,N/A
2009.0,Caroline Steffen,0.0,N/A
2009.0,Julie Dibens,0.0,N/A
2009.0,Virginia Berasategui,3.0,09:15:28
2009.0,Mirinda Carfrae,2.0,09:13:59
2009.0,Yvonne van Vlerken,0.0,N/A
2009.0,Sandra Wallenhorst,0.0,N/A
2009.0,Chrissie Wellington,1.0,08:54:02
2009.0,Samantha McGlone,0.0,N/A
2009.0,Lisa Bentley,0.0,N/A
2009.0,Desiree Ficker,0.0,N/A
2009.0,Michellie Jones,0.0,N/A
2009.0,Kate Major,0.0,N/A
2009.0,Nina Kraft,0.0,N/A
2009.0,Heather Fuhr,0.0,N/A
2009.0,Lori Bowden,0.0,N/A
2009.0,Natascha Badmann,0.0,N/A
2009.0,Isabelle Mouthon,0.0,N/A
2009.0,Fernanda Keller,0.0,N/A
2009.0,Karen Smyers,0.0,N/A
2009.0,Susan Latshaw,0.0,N/A
2009.0,Julie Anne White,0.0,N/A
2009.0,Thea Sybesma,0.0,N/A
2009.0,Sarah Coope,0.0,N/A
2009.0,Terri Schneider,0.0,N/A
2009.0,Kirsten Hanssen,0.0,N/A
2009.0,Erin Baker,0.0,N/A
2009.0,Joanne Ernst,0.0,N/A
2009.0,Paula Newby-Fraser,0.0,N/A
2009.0,Elizabeth Bulman,0.0,N/A
2009.0,Julie Olson,0.0,N/A
2009.0,Patricia Puntous,0.0,N/A
2009.0,Sylviane Puntous,0.0,N/A
2009.0,Eva Ueltzen,0.0,N/A
2009.0,Julie Leach,0.0,N/A
2009.0,Jo Ann Dahlkoetter,0.0,N/A
2009.0,Julie Moss,0.0,N/A
2009.0,Kathleen McCartney,0.0,N/A
2009.0,Sally Edwards,0.0,N/A
2009.0,Lyn Brooks,0.0,N/A
2009.0,Linda Sweeney,0.0,N/A
2009.0,Eve Anderson,0.0,N/A
2009.0,Robin Beck,0.0,N/A
2009.0,Lyn Lemaire,0.0,N/A
2010.0,Anne Haug,0.0,N/A
2010.0,Sarah Crowley,0.0,N/A
2010.0,Lucy Charles,0.0,N/A
2010.0,Heather Jackson,0.0,N/A
2010.0,Daniela Ryf,0.0,N/A
2010.0,Rachel Joyce,0.0,N/A
2010.0,Liz Blatchford,0.0,N/A
2010.0,Leanda Cave,0.0,N/A
2010.0,Caroline Steffen,2.0,09:06:00
2010.0,Julie Dibens,3.0,09:10:04
2010.0,Virginia Berasategui,0.0,N/A
2010.0,Mirinda Carfrae,1.0,08:58:36
2010.0,Yvonne van Vlerken,0.0,N/A
2010.0,Sandra Wallenhorst,0.0,N/A
2010.0,Chrissie Wellington,0.0,N/A
2010.0,Samantha McGlone,0.0,N/A
2010.0,Lisa Bentley,0.0,N/A
2010.0,Desiree Ficker,0.0,N/A
2010.0,Michellie Jones,0.0,N/A
2010.0,Kate Major,0.0,N/A
2010.0,Nina Kraft,0.0,N/A
2010.0,Heather Fuhr,0.0,N/A
2010.0,Lori Bowden,0.0,N/A
2010.0,Natascha Badmann,0.0,N/A
2010.0,Isabelle Mouthon,0.0,N/A
2010.0,Fernanda Keller,0.0,N/A
2010.0,Karen Smyers,0.0,N/A
2010.0,Susan Latshaw,0.0,N/A
2010.0,Julie Anne White,0.0,N/A
2010.0,Thea Sybesma,0.0,N/A
2010.0,Sarah Coope,0.0,N/A
2010.0,Terri Schneider,0.0,N/A
2010.0,Kirsten Hanssen,0.0,N/A
2010.0,Erin Baker,0.0,N/A
2010.0,Joanne Ernst,0.0,N/A
2010.0,Paula Newby-Fraser,0.0,N/A
2010.0,Elizabeth Bulman,0.0,N/A
2010.0,Julie Olson,0.0,N/A
2010.0,Patricia Puntous,0.0,N/A
2010.0,Sylviane Puntous,0.0,N/A
2010.0,Eva Ueltzen,0.0,N/A
2010.0,Julie Leach,0.0,N/A
2010.0,Jo Ann Dahlkoetter,0.0,N/A
2010.0,Julie Moss,0.0,N/A
2010.0,Kathleen McCartney,0.0,N/A
2010.0,Sally Edwards,0.0,N/A
2010.0,Lyn Brooks,0.0,N/A
2010.0,Linda Sweeney,0.0,N/A
2010.0,Eve Anderson,0.0,N/A
2010.0,Robin Beck,0.0,N/A
2010.0,Lyn Lemaire,0.0,N/A
2011.0,Anne Haug,0.0,N/A
2011.0,Sarah Crowley,0.0,N/A
2011.0,Lucy Charles,0.0,N/A
2011.0,Heather Jackson,0.0,N/A
2011.0,Daniela Ryf,0.0,N/A
2011.0,Rachel Joyce,0.0,N/A
2011.0,Liz Blatchford,0.0,N/A
2011.0,Leanda Cave,3.0,09:03:29
2011.0,Caroline Steffen,0.0,N/A
2011.0,Julie Dibens,0.0,N/A
2011.0,Virginia Berasategui,0.0,N/A
2011.0,Mirinda Carfrae,2.0,08:57:57
2011.0,Yvonne van Vlerken,0.0,N/A
2011.0,Sandra Wallenhorst,0.0,N/A
2011.0,Chrissie Wellington,1.0,08:55:08
2011.0,Samantha McGlone,0.0,N/A
2011.0,Lisa Bentley,0.0,N/A
2011.0,Desiree Ficker,0.0,N/A
2011.0,Michellie Jones,0.0,N/A
2011.0,Kate Major,0.0,N/A
2011.0,Nina Kraft,0.0,N/A
2011.0,Heather Fuhr,0.0,N/A
2011.0,Lori Bowden,0.0,N/A
2011.0,Natascha Badmann,0.0,N/A
2011.0,Isabelle Mouthon,0.0,N/A
2011.0,Fernanda Keller,0.0,N/A
2011.0,Karen Smyers,0.0,N/A
2011.0,Susan Latshaw,0.0,N/A
2011.0,Julie Anne White,0.0,N/A
2011.0,Thea Sybesma,0.0,N/A
2011.0,Sarah Coope,0.0,N/A
2011.0,Terri Schneider,0.0,N/A
2011.0,Kirsten Hanssen,0.0,N/A
2011.0,Erin Baker,0.0,N/A
2011.0,Joanne Ernst,0.0,N/A
2011.0,Paula Newby-Fraser,0.0,N/A
2011.0,Elizabeth Bulman,0.0,N/A
2011.0,Julie Olson,0.0,N/A
2011.0,Patricia Puntous,0.0,N/A
2011.0,Sylviane Puntous,0.0,N/A
2011.0,Eva Ueltzen,0.0,N/A
2011.0,Julie Leach,0.0,N/A
2011.0,Jo Ann Dahlkoetter,0.0,N/A
2011.0,Julie Moss,0.0,N/A
2011.0,Kathleen McCartney,0.0,N/A
2011.0,Sally Edwards,0.0,N/A
2011.0,Lyn Brooks,0.0,N/A
2011.0,Linda Sweeney,0.0,N/A
2011.0,Eve Anderson,0.0,N/A
2011.0,Robin Beck,0.0,N/A
2011.0,Lyn Lemaire,0.0,N/A
2012.0,Anne Haug,0.0,N/A
2012.0,Sarah Crowley,0.0,N/A
2012.0,Lucy Charles,0.0,N/A
2012.0,Heather Jackson,0.0,N/A
2012.0,Daniela Ryf,0.0,N/A
2012.0,Rachel Joyce,0.0,N/A
2012.0,Liz Blatchford,0.0,N/A
2012.0,Leanda Cave,1.0,09:15:54
2012.0,Caroline Steffen,2.0,09:16:58
2012.0,Julie Dibens,0.0,N/A
2012.0,Virginia Berasategui,0.0,N/A
2012.0,Mirinda Carfrae,3.0,09:21:41
2012.0,Yvonne van Vlerken,0.0,N/A
2012.0,Sandra Wallenhorst,0.0,N/A
2012.0,Chrissie Wellington,0.0,N/A
2012.0,Samantha McGlone,0.0,N/A
2012.0,Lisa Bentley,0.0,N/A
2012.0,Desiree Ficker,0.0,N/A
2012.0,Michellie Jones,0.0,N/A
2012.0,Kate Major,0.0,N/A
2012.0,Nina Kraft,0.0,N/A
2012.0,Heather Fuhr,0.0,N/A
2012.0,Lori Bowden,0.0,N/A
2012.0,Natascha Badmann,0.0,N/A
2012.0,Isabelle Mouthon,0.0,N/A
2012.0,Fernanda Keller,0.0,N/A
2012.0,Karen Smyers,0.0,N/A
2012.0,Susan Latshaw,0.0,N/A
2012.0,Julie Anne White,0.0,N/A
2012.0,Thea Sybesma,0.0,N/A
2012.0,Sarah Coope,0.0,N/A
2012.0,Terri Schneider,0.0,N/A
2012.0,Kirsten Hanssen,0.0,N/A
2012.0,Erin Baker,0.0,N/A
2012.0,Joanne Ernst,0.0,N/A
2012.0,Paula Newby-Fraser,0.0,N/A
2012.0,Elizabeth Bulman,0.0,N/A
2012.0,Julie Olson,0.0,N/A
2012.0,Patricia Puntous,0.0,N/A
2012.0,Sylviane Puntous,0.0,N/A
2012.0,Eva Ueltzen,0.0,N/A
2012.0,Julie Leach,0.0,N/A
2012.0,Jo Ann Dahlkoetter,0.0,N/A
2012.0,Julie Moss,0.0,N/A
2012.0,Kathleen McCartney,0.0,N/A
2012.0,Sally Edwards,0.0,N/A
2012.0,Lyn Brooks,0.0,N/A
2012.0,Linda Sweeney,0.0,N/A
2012.0,Eve Anderson,0.0,N/A
2012.0,Robin Beck,0.0,N/A
2012.0,Lyn Lemaire,0.0,N/A
2013.0,Anne Haug,0.0,N/A
2013.0,Sarah Crowley,0.0,N/A
2013.0,Lucy Charles,0.0,N/A
2013.0,Heather Jackson,0.0,N/A
2013.0,Daniela Ryf,0.0,N/A
2013.0,Rachel Joyce,2.0,08:57:28
2013.0,Liz Blatchford,3.0,09:03:35
2013.0,Leanda Cave,0.0,N/A
2013.0,Caroline Steffen,0.0,N/A
2013.0,Julie Dibens,0.0,N/A
2013.0,Virginia Berasategui,0.0,N/A
2013.0,Mirinda Carfrae,1.0,08:52:14
2013.0,Yvonne van Vlerken,0.0,N/A
2013.0,Sandra Wallenhorst,0.0,N/A
2013.0,Chrissie Wellington,0.0,N/A
2013.0,Samantha McGlone,0.0,N/A
2013.0,Lisa Bentley,0.0,N/A
2013.0,Desiree Ficker,0.0,N/A
2013.0,Michellie Jones,0.0,N/A
2013.0,Kate Major,0.0,N/A
2013.0,Nina Kraft,0.0,N/A
2013.0,Heather Fuhr,0.0,N/A
2013.0,Lori Bowden,0.0,N/A
2013.0,Natascha Badmann,0.0,N/A
2013.0,Isabelle Mouthon,0.0,N/A
2013.0,Fernanda Keller,0.0,N/A
2013.0,Karen Smyers,0.0,N/A
2013.0,Susan Latshaw,0.0,N/A
2013.0,Julie Anne White,0.0,N/A
2013.0,Thea Sybesma,0.0,N/A
2013.0,Sarah Coope,0.0,N/A
2013.0,Terri Schneider,0.0,N/A
2013.0,Kirsten Hanssen,0.0,N/A
2013.0,Erin Baker,0.0,N/A
2013.0,Joanne Ernst,0.0,N/A
2013.0,Paula Newby-Fraser,0.0,N/A
2013.0,Elizabeth Bulman,0.0,N/A
2013.0,Julie Olson,0.0,N/A
2013.0,Patricia Puntous,0.0,N/A
2013.0,Sylviane Puntous,0.0,N/A
2013.0,Eva Ueltzen,0.0,N/A
2013.0,Julie Leach,0.0,N/A
2013.0,Jo Ann Dahlkoetter,0.0,N/A
2013.0,Julie Moss,0.0,N/A
2013.0,Kathleen McCartney,0.0,N/A
2013.0,Sally Edwards,0.0,N/A
2013.0,Lyn Brooks,0.0,N/A
2013.0,Linda Sweeney,0.0,N/A
2013.0,Eve Anderson,0.0,N/A
2013.0,Robin Beck,0.0,N/A
2013.0,Lyn Lemaire,0.0,N/A
2014.0,Anne Haug,0.0,N/A
2014.0,Sarah Crowley,0.0,N/A
2014.0,Lucy Charles,0.0,N/A
2014.0,Heather Jackson,0.0,N/A
2014.0,Daniela Ryf,2.0,09:02:57
2014.0,Rachel Joyce,3.0,09:04:23
2014.0,Liz Blatchford,0.0,N/A
2014.0,Leanda Cave,0.0,N/A
2014.0,Caroline Steffen,0.0,N/A
2014.0,Julie Dibens,0.0,N/A
2014.0,Virginia Berasategui,0.0,N/A
2014.0,Mirinda Carfrae,1.0,09:00:55
2014.0,Yvonne van Vlerken,0.0,N/A
2014.0,Sandra Wallenhorst,0.0,N/A
2014.0,Chrissie Wellington,0.0,N/A
2014.0,Samantha McGlone,0.0,N/A
2014.0,Lisa Bentley,0.0,N/A
2014.0,Desiree Ficker,0.0,N/A
2014.0,Michellie Jones,0.0,N/A
2014.0,Kate Major,0.0,N/A
2014.0,Nina Kraft,0.0,N/A
2014.0,Heather Fuhr,0.0,N/A
2014.0,Lori Bowden,0.0,N/A
2014.0,Natascha Badmann,0.0,N/A
2014.0,Isabelle Mouthon,0.0,N/A
2014.0,Fernanda Keller,0.0,N/A
2014.0,Karen Smyers,0.0,N/A
2014.0,Susan Latshaw,0.0,N/A
2014.0,Julie Anne White,0.0,N/A
2014.0,Thea Sybesma,0.0,N/A
2014.0,Sarah Coope,0.0,N/A
2014.0,Terri Schneider,0.0,N/A
2014.0,Kirsten Hanssen,0.0,N/A
2014.0,Erin Baker,0.0,N/A
2014.0,Joanne Ernst,0.0,N/A
2014.0,Paula Newby-Fraser,0.0,N/A
2014.0,Elizabeth Bulman,0.0,N/A
2014.0,Julie Olson,0.0,N/A
2014.0,Patricia Puntous,0.0,N/A
2014.0,Sylviane Puntous,0.0,N/A
2014.0,Eva Ueltzen,0.0,N/A
2014.0,Julie Leach,0.0,N/A
2014.0,Jo Ann Dahlkoetter,0.0,N/A
2014.0,Julie Moss,0.0,N/A
2014.0,Kathleen McCartney,0.0,N/A
2014.0,Sally Edwards,0.0,N/A
2014.0,Lyn Brooks,0.0,N/A
2014.0,Linda Sweeney,0.0,N/A
2014.0,Eve Anderson,0.0,N/A
2014.0,Robin Beck,0.0,N/A
2014.0,Lyn Lemaire,0.0,N/A
2015.0,Anne Haug,0.0,N/A
2015.0,Sarah Crowley,0.0,N/A
2015.0,Lucy Charles,0.0,N/A
2015.0,Heather Jackson,0.0,N/A
2015.0,Daniela Ryf,1.0,08:57:57
2015.0,Rachel Joyce,2.0,09:10:59
2015.0,Liz Blatchford,3.0,09:14:52
2015.0,Leanda Cave,0.0,N/A
2015.0,Caroline Steffen,0.0,N/A
2015.0,Julie Dibens,0.0,N/A
2015.0,Virginia Berasategui,0.0,N/A
2015.0,Mirinda Carfrae,0.0,N/A
2015.0,Yvonne van Vlerken,0.0,N/A
2015.0,Sandra Wallenhorst,0.0,N/A
2015.0,Chrissie Wellington,0.0,N/A
2015.0,Samantha McGlone,0.0,N/A
2015.0,Lisa Bentley,0.0,N/A
2015.0,Desiree Ficker,0.0,N/A
2015.0,Michellie Jones,0.0,N/A
2015.0,Kate Major,0.0,N/A
2015.0,Nina Kraft,0.0,N/A
2015.0,Heather Fuhr,0.0,N/A
2015.0,Lori Bowden,0.0,N/A
2015.0,Natascha Badmann,0.0,N/A
2015.0,Isabelle Mouthon,0.0,N/A
2015.0,Fernanda Keller,0.0,N/A
2015.0,Karen Smyers,0.0,N/A
2015.0,Susan Latshaw,0.0,N/A
2015.0,Julie Anne White,0.0,N/A
2015.0,Thea Sybesma,0.0,N/A
2015.0,Sarah Coope,0.0,N/A
2015.0,Terri Schneider,0.0,N/A
2015.0,Kirsten Hanssen,0.0,N/A
2015.0,Erin Baker,0.0,N/A
2015.0,Joanne Ernst,0.0,N/A
2015.0,Paula Newby-Fraser,0.0,N/A
2015.0,Elizabeth Bulman,0.0,N/A
2015.0,Julie Olson,0.0,N/A
2015.0,Patricia Puntous,0.0,N/A
2015.0,Sylviane Puntous,0.0,N/A
2015.0,Eva Ueltzen,0.0,N/A
2015.0,Julie Leach,0.0,N/A
2015.0,Jo Ann Dahlkoetter,0.0,N/A
2015.0,Julie Moss,0.0,N/A
2015.0,Kathleen McCartney,0.0,N/A
2015.0,Sally Edwards,0.0,N/A
2015.0,Lyn Brooks,0.0,N/A
2015.0,Linda Sweeney,0.0,N/A
2015.0,Eve Anderson,0.0,N/A
2015.0,Robin Beck,0.0,N/A
2015.0,Lyn Lemaire,0.0,N/A
2016.0,Anne Haug,0.0,N/A
2016.0,Sarah Crowley,0.0,N/A
2016.0,Lucy Charles,0.0,N/A
2016.0,Heather Jackson,3.0,09:11:32
2016.0,Daniela Ryf,1.0,08:46:46
2016.0,Rachel Joyce,0.0,N/A
2016.0,Liz Blatchford,0.0,N/A
2016.0,Leanda Cave,0.0,N/A
2016.0,Caroline Steffen,0.0,N/A
2016.0,Julie Dibens,0.0,N/A
2016.0,Virginia Berasategui,0.0,N/A
2016.0,Mirinda Carfrae,2.0,09:10:30
2016.0,Yvonne van Vlerken,0.0,N/A
2016.0,Sandra Wallenhorst,0.0,N/A
2016.0,Chrissie Wellington,0.0,N/A
2016.0,Samantha McGlone,0.0,N/A
2016.0,Lisa Bentley,0.0,N/A
2016.0,Desiree Ficker,0.0,N/A
2016.0,Michellie Jones,0.0,N/A
2016.0,Kate Major,0.0,N/A
2016.0,Nina Kraft,0.0,N/A
2016.0,Heather Fuhr,0.0,N/A
2016.0,Lori Bowden,0.0,N/A
2016.0,Natascha Badmann,0.0,N/A
2016.0,Isabelle Mouthon,0.0,N/A
2016.0,Fernanda Keller,0.0,N/A
2016.0,Karen Smyers,0.0,N/A
2016.0,Susan Latshaw,0.0,N/A
2016.0,Julie Anne White,0.0,N/A
2016.0,Thea Sybesma,0.0,N/A
2016.0,Sarah Coope,0.0,N/A
2016.0,Terri Schneider,0.0,N/A
2016.0,Kirsten Hanssen,0.0,N/A
2016.0,Erin Baker,0.0,N/A
2016.0,Joanne Ernst,0.0,N/A
2016.0,Paula Newby-Fraser,0.0,N/A
2016.0,Elizabeth Bulman,0.0,N/A
2016.0,Julie Olson,0.0,N/A
2016.0,Patricia Puntous,0.0,N/A
2016.0,Sylviane Puntous,0.0,N/A
2016.0,Eva Ueltzen,0.0,N/A
2016.0,Julie Leach,0.0,N/A
2016.0,Jo Ann Dahlkoetter,0.0,N/A
2016.0,Julie Moss,0.0,N/A
2016.0,Kathleen McCartney,0.0,N/A
2016.0,Sally Edwards,0.0,N/A
2016.0,Lyn Brooks,0.0,N/A
2016.0,Linda Sweeney,0.0,N/A
2016.0,Eve Anderson,0.0,N/A
2016.0,Robin Beck,0.0,N/A
2016.0,Lyn Lemaire,0.0,N/A
2017.0,Anne Haug,0.0,N/A
2017.0,Sarah Crowley,3.0,09:01:38
2017.0,Lucy Charles,2.0,08:59:38
2017.0,Heather Jackson,0.0,N/A
2017.0,Daniela Ryf,1.0,08:50:47
2017.0,Rachel Joyce,0.0,N/A
2017.0,Liz Blatchford,0.0,N/A
2017.0,Leanda Cave,0.0,N/A
2017.0,Caroline Steffen,0.0,N/A
2017.0,Julie Dibens,0.0,N/A
2017.0,Virginia Berasategui,0.0,N/A
2017.0,Mirinda Carfrae,0.0,N/A
2017.0,Yvonne van Vlerken,0.0,N/A
2017.0,Sandra Wallenhorst,0.0,N/A
2017.0,Chrissie Wellington,0.0,N/A
2017.0,Samantha McGlone,0.0,N/A
2017.0,Lisa Bentley,0.0,N/A
2017.0,Desiree Ficker,0.0,N/A
2017.0,Michellie Jones,0.0,N/A
2017.0,Kate Major,0.0,N/A
2017.0,Nina Kraft,0.0,N/A
2017.0,Heather Fuhr,0.0,N/A
2017.0,Lori Bowden,0.0,N/A
2017.0,Natascha Badmann,0.0,N/A
2017.0,Isabelle Mouthon,0.0,N/A
2017.0,Fernanda Keller,0.0,N/A
2017.0,Karen Smyers,0.0,N/A
2017.0,Susan Latshaw,0.0,N/A
2017.0,Julie Anne White,0.0,N/A
2017.0,Thea Sybesma,0.0,N/A
2017.0,Sarah Coope,0.0,N/A
2017.0,Terri Schneider,0.0,N/A
2017.0,Kirsten Hanssen,0.0,N/A
2017.0,Erin Baker,0.0,N/A
2017.0,Joanne Ernst,0.0,N/A
2017.0,Paula Newby-Fraser,0.0,N/A
2017.0,Elizabeth Bulman,0.0,N/A
2017.0,Julie Olson,0.0,N/A
2017.0,Patricia Puntous,0.0,N/A
2017.0,Sylviane Puntous,0.0,N/A
2017.0,Eva Ueltzen,0.0,N/A
2017.0,Julie Leach,0.0,N/A
2017.0,Jo Ann Dahlkoetter,0.0,N/A
2017.0,Julie Moss,0.0,N/A
2017.0,Kathleen McCartney,0.0,N/A
2017.0,Sally Edwards,0.0,N/A
2017.0,Lyn Brooks,0.0,N/A
2017.0,Linda Sweeney,0.0,N/A
2017.0,Eve Anderson,0.0,N/A
2017.0,Robin Beck,0.0,N/A
2017.0,Lyn Lemaire,0.0,N/A
2018.0,Anne Haug,3.0,08:41:57
2018.0,Sarah Crowley,0.0,N/A
2018.0,Lucy Charles,2.0,08:36:32
2018.0,Heather Jackson,0.0,N/A
2018.0,Daniela Ryf,1.0,08:26:18
2018.0,Rachel Joyce,0.0,N/A
2018.0,Liz Blatchford,0.0,N/A
2018.0,Leanda Cave,0.0,N/A
2018.0,Caroline Steffen,0.0,N/A
2018.0,Julie Dibens,0.0,N/A
2018.0,Virginia Berasategui,0.0,N/A
2018.0,Mirinda Carfrae,0.0,N/A
2018.0,Yvonne van Vlerken,0.0,N/A
2018.0,Sandra Wallenhorst,0.0,N/A
2018.0,Chrissie Wellington,0.0,N/A
2018.0,Samantha McGlone,0.0,N/A
2018.0,Lisa Bentley,0.0,N/A
2018.0,Desiree Ficker,0.0,N/A
2018.0,Michellie Jones,0.0,N/A
2018.0,Kate Major,0.0,N/A
2018.0,Nina Kraft,0.0,N/A
2018.0,Heather Fuhr,0.0,N/A
2018.0,Lori Bowden,0.0,N/A
2018.0,Natascha Badmann,0.0,N/A
2018.0,Isabelle Mouthon,0.0,N/A
2018.0,Fernanda Keller,0.0,N/A
2018.0,Karen Smyers,0.0,N/A
2018.0,Susan Latshaw,0.0,N/A
2018.0,Julie Anne White,0.0,N/A
2018.0,Thea Sybesma,0.0,N/A
2018.0,Sarah Coope,0.0,N/A
2018.0,Terri Schneider,0.0,N/A
2018.0,Kirsten Hanssen,0.0,N/A
2018.0,Erin Baker,0.0,N/A
2018.0,Joanne Ernst,0.0,N/A
2018.0,Paula Newby-Fraser,0.0,N/A
2018.0,Elizabeth Bulman,0.0,N/A
2018.0,Julie Olson,0.0,N/A
2018.0,Patricia Puntous,0.0,N/A
2018.0,Sylviane Puntous,0.0,N/A
2018.0,Eva Ueltzen,0.0,N/A
2018.0,Julie Leach,0.0,N/A
2018.0,Jo Ann Dahlkoetter,0.0,N/A
2018.0,Julie Moss,0.0,N/A
2018.0,Kathleen McCartney,0.0,N/A
2018.0,Sally Edwards,0.0,N/A
2018.0,Lyn Brooks,0.0,N/A
2018.0,Linda Sweeney,0.0,N/A
2018.0,Eve Anderson,0.0,N/A
2018.0,Robin Beck,0.0,N/A
2018.0,Lyn Lemaire,0.0,N/A
2019.0,Anne Haug,1.0,08:40:10
2019.0,Sarah Crowley,3.0,08:48:13
2019.0,Lucy Charles,2.0,08:46:44
2019.0,Heather Jackson,0.0,N/A
2019.0,Daniela Ryf,0.0,N/A
2019.0,Rachel Joyce,0.0,N/A
2019.0,Liz Blatchford,0.0,N/A
2019.0,Leanda Cave,0.0,N/A
2019.0,Caroline Steffen,0.0,N/A
2019.0,Julie Dibens,0.0,N/A
2019.0,Virginia Berasategui,0.0,N/A
2019.0,Mirinda Carfrae,0.0,N/A
2019.0,Yvonne van Vlerken,0.0,N/A
2019.0,Sandra Wallenhorst,0.0,N/A
2019.0,Chrissie Wellington,0.0,N/A
2019.0,Samantha McGlone,0.0,N/A
2019.0,Lisa Bentley,0.0,N/A
2019.0,Desiree Ficker,0.0,N/A
2019.0,Michellie Jones,0.0,N/A
2019.0,Kate Major,0.0,N/A
2019.0,Nina Kraft,0.0,N/A
2019.0,Heather Fuhr,0.0,N/A
2019.0,Lori Bowden,0.0,N/A
2019.0,Natascha Badmann,0.0,N/A
2019.0,Isabelle Mouthon,0.0,N/A
2019.0,Fernanda Keller,0.0,N/A
2019.0,Karen Smyers,0.0,N/A
2019.0,Susan Latshaw,0.0,N/A
2019.0,Julie Anne White,0.0,N/A
2019.0,Thea Sybesma,0.0,N/A
2019.0,Sarah Coope,0.0,N/A
2019.0,Terri Schneider,0.0,N/A
2019.0,Kirsten Hanssen,0.0,N/A
2019.0,Erin Baker,0.0,N/A
2019.0,Joanne Ernst,0.0,N/A
2019.0,Paula Newby-Fraser,0.0,N/A
2019.0,Elizabeth Bulman,0.0,N/A
2019.0,Julie Olson,0.0,N/A
2019.0,Patricia Puntous,0.0,N/A
2019.0,Sylviane Puntous,0.0,N/A
2019.0,Eva Ueltzen,0.0,N/A
2019.0,Julie Leach,0.0,N/A
2019.0,Jo Ann Dahlkoetter,0.0,N/A
2019.0,Julie Moss,0.0,N/A
2019.0,Kathleen McCartney,0.0,N/A
2019.0,Sally Edwards,0.0,N/A
2019.0,Lyn Brooks,0.0,N/A
2019.0,Linda Sweeney,0.0,N/A
2019.0,Eve Anderson,0.0,N/A
2019.0,Robin Beck,0.0,N/A
2019.0,Lyn Lemaire,0.0,N/A
